Workbook
Name \c: #N/A
Name \e: #N/A
Name \f: #N/A
Name \g: #N/A
Name \o: #N/A
Name \p: #N/A
Name \r: #N/A
Name \s: #N/A
Name _1: #REF!
Name _2: #REF!
Name _OUT2: [1]SLIP!$J$96
Name DATA: #REF!
Name PTKP: #REF!

Sheet Dept (不許動)
B1: STL 1&2 | D1: STL 3&4 | F1: GLR1 | H1: MK | J1: 2A | L1: 2B | N1: 2C | P1: GLD | S1: Dept | T1: DL/IDL | U1: Belong to | V1: HL
B2: Administration | D2: Administration | F2: ADMINISTRATION | H2: Administration | J2: Administration | L2: Administration | N2: Administration | P2: Administration | S2: Administration | AA2: Cutting
B3: Driver | D3: Driver | E3: =MATCH(D3,$S$3:$S$15,0) -> 7 | F3: Policlinic(Nurse) | G3: =MATCH(F3,$S$3:$S$16,0) -> 11 | H3: Driver | I3: =MATCH(H3,$S$3:$S$16,0) -> 7 | J3: Policlinic(Nurse) | K3: =MATCH(J3,$S$3:$S$17,0) -> 11 | L3: Policlinic(Nurse) | M3: =MATCH(L3,$S$3:$S$17,0) -> 11 | N3: Policlinic(Nurse) | O3: =MATCH(N3,$S$3:$S$20,0) -> 11 | P3: Policlinic(Nurse) | Q3: =MATCH(P3,$S$3:$S$20,0) -> 11 | S3: Security | T3: IDL | U3: IDL others | AA3: IDL Sewing
B4: Exim | D4: Exim | E4: =MATCH(D4,$S$3:$S$15,0) -> 9 | F4: Security | G4: =MATCH(F4,$S$3:$S$16,0) -> 1 | H4: Exim | I4: =MATCH(H4,$S$3:$S$16,0) -> 9 | J4: Security | K4: =MATCH(J4,$S$3:$S$17,0) -> 1 | L4: Security | M4: =MATCH(L4,$S$3:$S$17,0) -> 1 | N4: Security | O4: =MATCH(N4,$S$3:$S$20,0) -> 1 | P4: Security | Q4: =MATCH(P4,$S$3:$S$20,0) -> 1 | S4: Purchasing/EDP | T4: IDL | U4: IDL others | AA4: Embordiary
B5: Finance(Accounting/Cashier) | D5: Finance(Accounting/Cashier) | E5: =MATCH(D5,$S$3:$S$15,0) -> 4 | F5: Finance(Accounting/Cashier) | G5: =MATCH(F5,$S$3:$S$16,0) -> 4 | H5: Factory Manager | I5: =MATCH(H5,$S$3:$S$16,0) -> 3 | J5: Finance(Accounting/Cashier) | K5: =MATCH(J5,$S$3:$S$17,0) -> 4 | L5: Finance(Accounting/Cashier) | M5: =MATCH(L5,$S$3:$S$17,0) -> 4 | N5: Finance(Accounting/Cashier) | O5: =MATCH(N5,$S$3:$S$20,0) -> 4 | P5: Finance(Accounting/Cashier) | Q5: =MATCH(P5,$S$3:$S$20,0) -> 4 | S5: Factory Manager | T5: IDL | U5: IDL others | AA5: Sewing
B6: General Affair | D6: General Affair | E6: =MATCH(D6,$S$3:$S$15,0) -> 5 | F6: General Affair | G6: =MATCH(F6,$S$3:$S$16,0) -> 5 | H6: Finance(Accounting/Cashier) | I6: =MATCH(H6,$S$3:$S$16,0) -> 4 | J6: General Affair | K6: =MATCH(J6,$S$3:$S$17,0) -> 5 | L6: General Affair | M6: =MATCH(L6,$S$3:$S$17,0) -> 5 | N6: General Affair | O6: =MATCH(N6,$S$3:$S$20,0) -> 5 | P6: General Affair | Q6: =MATCH(P6,$S$3:$S$20,0) -> 5 | S6: Finance(Accounting/Cashier) | T6: IDL | U6: IDL others | AA6: Ironing
B7: General Affair ( HL ) | D7: General Affair ( HL ) | E7: =MATCH(D7,$S$3:$S$15,0) -> 6 | F7: HRD(Personnel/Payroll) | G7: =MATCH(F7,$S$3:$S$16,0) -> 8 | H7: General Affair | I7: =MATCH(H7,$S$3:$S$16,0) -> 5 | J7: HRD(Personnel/Payroll) | K7: =MATCH(J7,$S$3:$S$17,0) -> 8 | L7: HRD(Personnel/Payroll) | M7: =MATCH(L7,$S$3:$S$17,0) -> 8 | N7: HRD(Personnel/Payroll) | O7: =MATCH(N7,$S$3:$S$20,0) -> 8 | P7: HRD(Personnel/Payroll) | Q7: =MATCH(P7,$S$3:$S$20,0) -> 8 | S7: General Affair | T7: IDL | U7: IDL others | AA7: Packing
B8: HRD(Personnel/Payroll) | D8: HRD(Personnel/Payroll) | E8: =MATCH(D8,$S$3:$S$15,0) -> 8 | F8: Compliant/Purchasing/EDP(MIS) | G8: =MATCH(F8,$S$3:$S$16,0) -> 14 | H8: HRD(Personnel/Payroll) | I8: =MATCH(H8,$S$3:$S$16,0) -> 8 | J8: Compliant/Purchasing/EDP(MIS) | K8: =MATCH(J8,$S$3:$S$17,0) -> 14 | L8: Compliant/Purchasing/EDP(MIS) | M8: =MATCH(L8,$S$3:$S$17,0) -> 14 | N8: Compliant/EDP | O8: =MATCH(N8,$S$3:$S$20,0) -> 16 | P8: Compliant/EDP | Q8: =MATCH(P8,$S$3:$S$20,0) -> 16 | S8: General Affair ( HL ) | T8: IDL | U8: IDL others | V8: HL | AA8: Washing
B9: Policlinic(Nurse) | D9: Policlinic(Nurse) | E9: =MATCH(D9,$S$3:$S$15,0) -> 11 | F9: Temporary(HL) | G9: =MATCH(F9,$S$3:$S$16,0) -> 13 | H9: Policlinic(Nurse) | I9: =MATCH(H9,$S$3:$S$16,0) -> 11 | J9: Temporary Cleaning Service (HL) | K9: =MATCH(J9,$S$3:$S$17,0) -> 15 | L9: Temporary(HL) | M9: =MATCH(L9,$S$3:$S$17,0) -> 13 | N9: Temporary(HL) General Affair | O9: =MATCH(N9,$S$3:$S$20,0) -> 18 | P9: Temporary(HL) General Affair | Q9: =MATCH(P9,$S$3:$S$20,0) -> 18 | S9: Driver | T9: IDL | U9: IDL others | AA9: IDL Final part
B10: Purchasing/EDP | D10: Purchasing/EDP | E10: =MATCH(D10,$S$3:$S$15,0) -> 2 | F10: Exim | G10: =MATCH(F10,$S$3:$S$16,0) -> 9 | H10: Compliant/Purchasing/EDP(MIS) | I10: =MATCH(H10,$S$3:$S$16,0) -> 14 | J10: Exim | K10: =MATCH(J10,$S$3:$S$17,0) -> 9 | L10: Exim | M10: =MATCH(L10,$S$3:$S$17,0) -> 9 | N10: Purchasing | O10: =MATCH(N10,$S$3:$S$20,0) -> 17 | P10: Purchasing | Q10: =MATCH(P10,$S$3:$S$20,0) -> 17 | S10: HRD(Personnel/Payroll) | T10: IDL | U10: IDL others | AA10: Washing Fty
B11: Security | D11: Security | E11: =MATCH(D11,$S$3:$S$15,0) -> 1 | F11: Driver | G11: =MATCH(F11,$S$3:$S$16,0) -> 7 | H11: Security | I11: =MATCH(H11,$S$3:$S$16,0) -> 1 | J11: Driver | K11: =MATCH(J11,$S$3:$S$17,0) -> 7 | L11: Driver | M11: =MATCH(L11,$S$3:$S$17,0) -> 7 | N11: Driver | O11: =MATCH(N11,$S$3:$S$20,0) -> 7 | P11: Driver | Q11: =MATCH(P11,$S$3:$S$20,0) -> 7 | S11: Exim | T11: IDL | U11: IDL others | AA11: IDL Cutting
B12: Sekretaris | D12: Sekretaris | E12: =MATCH(D12,$S$3:$S$15,0) -> 12 | H12: Temporary(HL) | I12: =MATCH(H12,$S$3:$S$16,0) -> 13 | S12: security internal | T12: IDL | U12: IDL others | AA12: IDL Washing
B13: Temporary(HL) | D13: Temporary(HL) | E13: =MATCH(D13,$S$3:$S$15,0) -> 13 | S13: Policlinic(Nurse) | T13: IDL | U13: IDL others | AA13: IDL Washing Fty
S14: Sekretaris | T14: IDL | U14: IDL others | AA14: IDL Embordiary
B15: Manufacturing | D15: Manufacturing | F15: MANUFACTURING | H15: Manufacturing | J15: Manufacturing | L15: Manufacturing | N15: Manufacturing | P15: Manufacturing | S15: Temporary(HL) | T15: IDL | U15: IDL others | V15: HL | AA15: QC
B16: Pattern/POLA/Sample/Marker | C16: =MATCH(B16,$S$22:$S$288,0) -> 2 | D16: Pattern/POLA/Sample/Marker | E16: =MATCH(D16,$S$22:$S$288,0) -> 2 | F16: Pattern/POLA/Sample | G16: =MATCH(F16,$S$22:$S$288,0) -> 1 | H16: Pattern/POLA/Sample | I16: =MATCH(H16,$S$22:$S$288,0) -> 1 | J16: Pattern/POLA/Sample | K16: =MATCH(J16,$S$22:$S$288,0) -> 1 | L16: Pattern/POLA/Sample | M16: =MATCH(L16,$S$22:$S$288,0) -> 1 | N16: Pattern/POLA/Sample | O16: =MATCH(N16,$S$22:$S$288,0) -> 1 | P16: Pattern/POLA/Sample | S16: Compliant/Purchasing/EDP(MIS) | T16: IDL | U16: IDL others | AA16: Sample room
B17: Cutting | C17: =MATCH(B17,$S$22:$S$288,0) -> 3 | D17: Cutting | E17: =MATCH(D17,$S$22:$S$288,0) -> 3 | F17: Cutting | G17: =MATCH(F17,$S$22:$S$288,0) -> 3 | H17: Cutting | I17: =MATCH(H17,$S$22:$S$288,0) -> 3 | J17: Cutting | K17: =MATCH(J17,$S$22:$S$288,0) -> 3 | L17: Cutting | M17: =MATCH(L17,$S$22:$S$288,0) -> 3 | N17: Cutting | O17: =MATCH(N17,$S$22:$S$288,0) -> 3 | P17: Cutting | S17: Temporary Cleaning Service (HL) | T17: IDL | U17: IDL others | V17: HL | AA17: Sample center
B18: Cutting/staff | C18: =MATCH(B18,$S$22:$S$288,0) -> 5 | D18: Cutting/staff | E18: =MATCH(D18,$S$22:$S$288,0) -> 5 | F18: Cutting/Staff | G18: =MATCH(F18,$S$22:$S$288,0) -> 5 | H18: Cutting/staff | I18: =MATCH(H18,$S$22:$S$288,0) -> 5 | J18: Cutting/staff | K18: =MATCH(J18,$S$22:$S$288,0) -> 5 | L18: Cutting/staff | M18: =MATCH(L18,$S$22:$S$288,0) -> 5 | N18: Cutting/staff | O18: =MATCH(N18,$S$22:$S$288,0) -> 5 | P18: Cutting (SHIFT) | S18: Compliant/EDP | T18: IDL | U18: IDL others | AA18: Mechanic
B19: Cutting/piping | C19: =MATCH(B19,$S$22:$S$288,0) -> 6 | D19: Cutting/piping | E19: =MATCH(D19,$S$22:$S$288,0) -> 6 | F19: Cutting/Piping | G19: =MATCH(F19,$S$22:$S$288,0) -> 6 | H19: Cutting/piping | I19: =MATCH(H19,$S$22:$S$288,0) -> 6 | J19: Cutting/piping | K19: =MATCH(J19,$S$22:$S$288,0) -> 6 | L19: Cutting/piping | M19: =MATCH(L19,$S$22:$S$288,0) -> 6 | N19: Cutting/piping | O19: =MATCH(N19,$S$22:$S$288,0) -> 6 | P19: Cutting/staff | S19: Purchasing | T19: IDL | U19: IDL others | AA19: Warehouse
B20: Temporary Cutting (HL) | C20: =MATCH(B20,$S$22:$S$288,0) -> 12 | D20: Temporary Cutting (HL) | E20: =MATCH(D20,$S$22:$S$288,0) -> 12 | F20: Temporary Cutting (HL) | G20: =MATCH(F20,$S$22:$S$288,0) -> 12 | H20: Temporary Cutting (HL) | I20: =MATCH(H20,$S$22:$S$288,0) -> 12 | J20: Temporary Cutting (HL) | K20: =MATCH(J20,$S$22:$S$288,0) -> 12 | L20: Temporary Cutting (HL) | M20: =MATCH(L20,$S$22:$S$288,0) -> 12 | N20: Temporary Cutting (HL) | O20: =MATCH(N20,$S$22:$S$288,0) -> 12 | P20: Cutting/piping | S20: Temporary(HL) General Affair | T20: IDL | U20: IDL others | V20: HL | AA20: PPIC
B21: Sewing/staff | C21: =MATCH(B21,$S$22:$S$288,0) -> 20 | D21: Kantong Bobok | E21: =MATCH(D21,$S$22:$S$288,0) -> 13 | F21: Kantong Bobok | G21: =MATCH(F21,$S$22:$S$288,0) -> 13 | H21: Kantong Bobok | I21: =MATCH(H21,$S$22:$S$288,0) -> 13 | J21: Kantong Bobok | K21: =MATCH(J21,$S$22:$S$288,0) -> 13 | L21: Kantong Bobok | M21: =MATCH(L21,$S$22:$S$288,0) -> 13 | N21: Kantong Bobok | O21: =MATCH(N21,$S$22:$S$288,0) -> 13 | P21: Cutting (HL) | S21: Manufacturing | AA21: IDL Others
B22: Sewing Line -1 | C22: =MATCH(B22,$S$22:$S$288,0) -> 123 | D22: Temporary Bobok (HL) | E22: =MATCH(D22,$S$22:$S$288,0) -> 14 | F22: Temporary Kantong Bobok (HL) | G22: =MATCH(F22,$S$22:$S$288,0) -> 16 | H22: Sewing/staff | I22: =MATCH(H22,$S$22:$S$288,0) -> 20 | J22: Sewing/staff | K22: =MATCH(J22,$S$22:$S$288,0) -> 20 | L22: Sewing/staff | M22: =MATCH(L22,$S$22:$S$288,0) -> 20 | N22: Sewing/staff | O22: =MATCH(N22,$S$22:$S$288,0) -> 20 | P22: Cutting PLT (Training) | S22: Pattern/POLA/Sample | T22: IDL | U22: Sample room | AA22: IDL Packing
B23: Sewing Line -2 | C23: =MATCH(B23,$S$22:$S$288,0) -> 125 | D23: Sewing/staff | E23: =MATCH(D23,$S$22:$S$288,0) -> 20 | F23: Sewing/Staff | G23: =MATCH(F23,$S$22:$S$288,0) -> 20 | H23: Sewing Line - 1 | I23: =MATCH(H23,$S$22:$S$288,0) -> 124 | J23: Sewing Line -1 | K23: =MATCH(J23,$S$22:$S$288,0) -> 123 | L23: Sewing Line -1 | M23: =MATCH(L23,$S$22:$S$288,0) -> 123 | N23: Sewing Line -1 | O23: =MATCH(N23,$S$22:$S$288,0) -> 123 | P23: Chief Sewing | S23: Pattern/POLA/Sample/Marker | T23: IDL | U23: Sample room | AA23: IDL Ironing
B24: Sewing Line -3 | C24: =MATCH(B24,$S$22:$S$288,0) -> 127 | D24: Sewing Line -33 | E24: =MATCH(D24,$S$22:$S$288,0) -> 175 | F24: Sewing Line -1 | G24: =MATCH(F24,$S$22:$S$288,0) -> 123 | H24: Sewing Line - 2 | I24: =MATCH(H24,$S$22:$S$288,0) -> 126 | J24: Sewing Line -2 | K24: =MATCH(J24,$S$22:$S$288,0) -> 125 | L24: Sewing Line -2 | M24: =MATCH(L24,$S$22:$S$288,0) -> 125 | N24: Sewing Line -2 | O24: =MATCH(N24,$S$22:$S$288,0) -> 125 | P24: Supervisor Sewing | S24: Cutting | T24: DL | U24: Cutting | AA24: Pleating
B25: Sewing Line -4 | C25: =MATCH(B25,$S$22:$S$288,0) -> 131 | D25: Sewing Line -34 | E25: =MATCH(D25,$S$22:$S$288,0) -> 176 | F25: Sewing Line -2 | G25: =MATCH(F25,$S$22:$S$288,0) -> 125 | H25: Sewing Line - 3 | I25: =MATCH(H25,$S$22:$S$288,0) -> 128 | J25: Sewing Line -3 | K25: =MATCH(J25,$S$22:$S$288,0) -> 129 | L25: Sewing Line -3 | M25: =MATCH(L25,$S$22:$S$288,0) -> 127 | N25: Sewing Line -3 | O25: =MATCH(N25,$S$22:$S$288,0) -> 127 | P25: Sewing/staff | S25: Cutting (SHIFT) | T25: DL | U25: Cutting
B26: Sewing Line -5 | C26: =MATCH(B26,$S$22:$S$288,0) -> 133 | D26: Sewing Line -35 | E26: =MATCH(D26,$S$22:$S$288,0) -> 177 | F26: Sewing Line -3 | G26: =MATCH(F26,$S$22:$S$288,0) -> 127 | H26: Sewing Line - 4 | I26: =MATCH(H26,$S$22:$S$288,0) -> 132 | J26: Sewing Line -4 | K26: =MATCH(J26,$S$22:$S$288,0) -> 131 | L26: Sewing Line -4 | M26: =MATCH(L26,$S$22:$S$288,0) -> 131 | N26: Sewing Line -4 | O26: =MATCH(N26,$S$22:$S$288,0) -> 131 | P26: Sewing Line -1 | S26: Cutting/staff | T26: IDL | U26: IDL Cutting
B27: Sewing Line -6 | C27: =MATCH(B27,$S$22:$S$288,0) -> 135 | D27: Sewing Line -36 | E27: =MATCH(D27,$S$22:$S$288,0) -> 178 | F27: Sewing Line -4 | G27: =MATCH(F27,$S$22:$S$288,0) -> 131 | H27: Sewing Line - 5 | I27: =MATCH(H27,$S$22:$S$288,0) -> 134 | J27: Sewing Line -5 | K27: =MATCH(J27,$S$22:$S$288,0) -> 133 | L27: Sewing Line -5 | M27: =MATCH(L27,$S$22:$S$288,0) -> 133 | N27: Sewing Line -5 | O27: =MATCH(N27,$S$22:$S$288,0) -> 133 | P27: Sewing Line -2 | S27: Cutting/piping | T27: DL | U27: Cutting
B28: Sewing Line -7 | C28: =MATCH(B28,$S$22:$S$288,0) -> 137 | D28: Sewing Line -37 | E28: =MATCH(D28,$S$22:$S$288,0) -> 179 | F28: Sewing Line -5 | G28: =MATCH(F28,$S$22:$S$288,0) -> 133 | H28: Sewing Line - 6 | I28: =MATCH(H28,$S$22:$S$288,0) -> 136 | J28: Sewing Line -6 | K28: =MATCH(J28,$S$22:$S$288,0) -> 135 | L28: Sewing Line -6 | M28: =MATCH(L28,$S$22:$S$288,0) -> 135 | N28: Sewing Line -6 | O28: =MATCH(N28,$S$22:$S$288,0) -> 135 | P28: Sewing Line -3 | S28: Cutting/piping staff | T28: IDL | U28: IDL Cutting
B29: Sewing Line -8 | C29: =MATCH(B29,$S$22:$S$288,0) -> 139 | D29: Sewing Line -38 | E29: =MATCH(D29,$S$22:$S$288,0) -> 180 | F29: Sewing Line -6 | G29: =MATCH(F29,$S$22:$S$288,0) -> 135 | H29: Sewing Line - 7 | I29: =MATCH(H29,$S$22:$S$288,0) -> 138 | J29: Sewing Line -7 | K29: =MATCH(J29,$S$22:$S$288,0) -> 137 | L29: Sewing Line -7 | M29: =MATCH(L29,$S$22:$S$288,0) -> 137 | N29: Sewing Line -7 | O29: =MATCH(N29,$S$22:$S$288,0) -> 137 | P29: Sewing Line -3/ Shift | S29: Cutting (check Panel) | T29: IDL | U29: QC
B30: Sewing Line -9 | C30: =MATCH(B30,$S$22:$S$288,0) -> 141 | D30: Sewing Line -39 | E30: =MATCH(D30,$S$22:$S$288,0) -> 181 | F30: Sewing Line -7 | G30: =MATCH(F30,$S$22:$S$288,0) -> 137 | H30: Sewing Line - 8 | I30: =MATCH(H30,$S$22:$S$288,0) -> 140 | J30: Sewing Line -8 | K30: =MATCH(J30,$S$22:$S$288,0) -> 139 | L30: Sewing Line -8 | M30: =MATCH(L30,$S$22:$S$288,0) -> 139 | N30: Sewing Line -8 | O30: =MATCH(N30,$S$22:$S$288,0) -> 139 | P30: Sewing Line -4 | S30: Cutting (check Panel) HL | T30: IDL | U30: QC | V30: HL
B31: Sewing Line -10 | C31: =MATCH(B31,$S$22:$S$288,0) -> 144 | D31: Sewing Line -40 | E31: =MATCH(D31,$S$22:$S$288,0) -> 182 | F31: Sewing Line -8 | G31: =MATCH(F31,$S$22:$S$288,0) -> 139 | H31: Sewing Line - 9 | I31: =MATCH(H31,$S$22:$S$288,0) -> 142 | J31: Sewing Line -9 | K31: =MATCH(J31,$S$22:$S$288,0) -> 141 | L31: Sewing Line -9 | M31: =MATCH(L31,$S$22:$S$288,0) -> 141 | N31: Sewing Line -9 | O31: =MATCH(N31,$S$22:$S$288,0) -> 141 | P31: Sewing Line -5 | S31: Cutting (HL) | T31: DL | U31: Cutting | V31: HL
B32: Sewing Line -11 | C32: =MATCH(B32,$S$22:$S$288,0) -> 146 | D32: Sewing Line -41 | E32: =MATCH(D32,$S$22:$S$288,0) -> 183 | F32: Sewing Line -9 | G32: =MATCH(F32,$S$22:$S$288,0) -> 141 | H32: Sewing Line - 10 | I32: =MATCH(H32,$S$22:$S$288,0) -> 145 | J32: Sewing Line -10 | K32: =MATCH(J32,$S$22:$S$288,0) -> 144 | L32: Sewing Line -10 | M32: =MATCH(L32,$S$22:$S$288,0) -> 144 | N32: Sewing Line -10 | O32: =MATCH(N32,$S$22:$S$288,0) -> 144 | P32: Sewing Line -6 | S32: Cutting PLT (Training) | T32: DL | U32: Cutting | V32: HL
B33: Sewing Line -12 | C33: =MATCH(B33,$S$22:$S$288,0) -> 148 | D33: Sewing Line -42 | E33: =MATCH(D33,$S$22:$S$288,0) -> 184 | F33: Sewing Line -10 | G33: =MATCH(F33,$S$22:$S$288,0) -> 144 | H33: Sewing Line - 11 | I33: =MATCH(H33,$S$22:$S$288,0) -> 147 | J33: Sewing Line -11 | K33: =MATCH(J33,$S$22:$S$288,0) -> 146 | L33: Sewing Line -11 | M33: =MATCH(L33,$S$22:$S$288,0) -> 146 | N33: Sewing Line -11 | O33: =MATCH(N33,$S$22:$S$288,0) -> 146 | P33: Sewing Line -7 | S33: Temporary Cutting (HL) | T33: DL | U33: Cutting | V33: HL
B34: Sewing Line -13 | C34: =MATCH(B34,$S$22:$S$288,0) -> 152 | D34: Sewing Line -43 | E34: =MATCH(D34,$S$22:$S$288,0) -> 185 | F34: Sewing Line -11 | G34: =MATCH(F34,$S$22:$S$288,0) -> 146 | H34: Sewing Line - 12 | I34: =MATCH(H34,$S$22:$S$288,0) -> 149 | J34: Sewing Line -12 | K34: =MATCH(J34,$S$22:$S$288,0) -> 150 | L34: Sewing Line -12 | M34: =MATCH(L34,$S$22:$S$288,0) -> 148 | N34: Sewing Line -12 | O34: =MATCH(N34,$S$22:$S$288,0) -> 148 | P34: Sewing Line -8 | S34: Kantong Bobok | T34: DL | U34: Sewing
B35: Sewing Line -14 | C35: =MATCH(B35,$S$22:$S$288,0) -> 153 | D35: Sewing Line -44 | E35: =MATCH(D35,$S$22:$S$288,0) -> 186 | F35: Sewing Line -12 | G35: =MATCH(F35,$S$22:$S$288,0) -> 148 | H35: Sewing Sample | I35: =MATCH(H35,$S$22:$S$288,0) -> #N/A | J35: Sewing Line -13 | K35: =MATCH(J35,$S$22:$S$288,0) -> 152 | L35: Sewing Line -13 | M35: =MATCH(L35,$S$22:$S$288,0) -> 152 | N35: Sewing Line -13 | O35: =MATCH(N35,$S$22:$S$288,0) -> 152 | P35: Sewing Line -9 | S35: Temporary Bobok (HL) | T35: DL | U35: Sewing | V35: HL
B36: Sewing Line -15 | C36: =MATCH(B36,$S$22:$S$288,0) -> 154 | D36: Sewing Line -45 | E36: =MATCH(D36,$S$22:$S$288,0) -> 187 | F36: Sewing Line -13 | G36: =MATCH(F36,$S$22:$S$288,0) -> 152 | H36: Temporary Sewing(HL) | I36: =MATCH(H36,$S$22:$S$288,0) -> 204 | J36: Sewing Line -14 | K36: =MATCH(J36,$S$22:$S$288,0) -> 153 | L36: Sewing Line -14 | M36: =MATCH(L36,$S$22:$S$288,0) -> 153 | N36: Sewing Line -14 | O36: =MATCH(N36,$S$22:$S$288,0) -> 153 | P36: Sewing Line -9/ Shift | S36: Temporary Sample/Kantong Bobok (HL) | T36: DL | U36: Sewing | V36: HL
B37: Sewing Line -16 | C37: =MATCH(B37,$S$22:$S$288,0) -> 155 | D37: Sewing Line -46 | E37: =MATCH(D37,$S$22:$S$288,0) -> 188 | F37: Sewing Line -14 | G37: =MATCH(F37,$S$22:$S$288,0) -> 153 | H37: Temporary Special production | I37: =MATCH(H37,$S$22:$S$288,0) -> 213 | J37: Sewing Line -15 | K37: =MATCH(J37,$S$22:$S$288,0) -> 154 | L37: Sewing Line -15 | M37: =MATCH(L37,$S$22:$S$288,0) -> 154 | N37: Sewing Line -15 | O37: =MATCH(N37,$S$22:$S$288,0) -> 154 | P37: Sewing Line -10 | S37: Temporary Kantong Bobok (HL) | T37: DL | U37: Sewing | V37: HL
B38: Sewing Line -17 | C38: =MATCH(B38,$S$22:$S$288,0) -> 156 | D38: Sewing Line -47 | E38: =MATCH(D38,$S$22:$S$288,0) -> 189 | F38: Sewing Line -15 | G38: =MATCH(F38,$S$22:$S$288,0) -> 154 | H38: Transfer/sewing | I38: =MATCH(H38,$S$22:$S$288,0) -> 206 | J38: Sewing Line -16 | K38: =MATCH(J38,$S$22:$S$288,0) -> 155 | L38: Sewing Line -16 | M38: =MATCH(L38,$S$22:$S$288,0) -> 155 | N38: Sewing Line -16 | O38: =MATCH(N38,$S$22:$S$288,0) -> 155 | P38: Sewing Line -11 | S38: Cutting sewing | T38: DL | U38: Cutting
B39: Sewing Line -18 | C39: =MATCH(B39,$S$22:$S$288,0) -> 157 | D39: Sewing Line -48 | E39: =MATCH(D39,$S$22:$S$288,0) -> 190 | F39: Sewing Line -16 | G39: =MATCH(F39,$S$22:$S$288,0) -> 155 | H39: Transfer/Finishing | I39: =MATCH(H39,$S$22:$S$288,0) -> 215 | J39: Sewing Line -17 | K39: =MATCH(J39,$S$22:$S$288,0) -> 156 | L39: Sewing Line -17 | M39: =MATCH(L39,$S$22:$S$288,0) -> 156 | N39: Sewing Line -17 | O39: =MATCH(N39,$S$22:$S$288,0) -> 156 | P39: Sewing Line -12 | S39: Chief Sewing | T39: IDL | U39: IDL Sewing
B40: Sewing Line -19 | C40: =MATCH(B40,$S$22:$S$288,0) -> 159 | D40: Sewing Line -49 | E40: =MATCH(D40,$S$22:$S$288,0) -> 191 | F40: Sewing Line -17 | G40: =MATCH(F40,$S$22:$S$288,0) -> 156 | H40: Repair | I40: =MATCH(H40,$S$22:$S$288,0) -> 219 | J40: Sewing Line -18 | K40: =MATCH(J40,$S$22:$S$288,0) -> 158 | L40: Sewing Line -18 | M40: =MATCH(L40,$S$22:$S$288,0) -> 157 | N40: Sewing Line -18 | O40: =MATCH(N40,$S$22:$S$288,0) -> 157 | P40: Sewing Line -12/ Shift | S40: Supervisor Sewing | T40: IDL | U40: IDL Sewing
B41: Sewing Line -20 | C41: =MATCH(B41,$S$22:$S$288,0) -> 160 | D41: Sewing Line -50 | E41: =MATCH(D41,$S$22:$S$288,0) -> 192 | F41: Sewing Line -18 | G41: =MATCH(F41,$S$22:$S$288,0) -> 157 | H41: Finishing/staff | I41: =MATCH(H41,$S$22:$S$288,0) -> #N/A | J41: Sewing Line -19 | K41: =MATCH(J41,$S$22:$S$288,0) -> 159 | L41: Sewing Line -19 | M41: =MATCH(L41,$S$22:$S$288,0) -> 159 | N41: Training | O41: =MATCH(N41,$S$22:$S$288,0) -> 207 | P41: Sewing Line -13 | S41: Sewing/staff | T41: IDL | U41: IDL Sewing
B42: Sewing Line -21 | C42: =MATCH(B42,$S$22:$S$288,0) -> 161 | D42: Sewing Line -51 | E42: =MATCH(D42,$S$22:$S$288,0) -> 193 | F42: Sewing Line -19 | G42: =MATCH(F42,$S$22:$S$288,0) -> 159 | H42: Finishing/Ironing | I42: =MATCH(H42,$S$22:$S$288,0) -> 235 | J42: Sewing Line -20 | K42: =MATCH(J42,$S$22:$S$288,0) -> 160 | L42: Sewing Line -20 | M42: =MATCH(L42,$S$22:$S$288,0) -> 160 | N42: Repair | O42: =MATCH(N42,$S$22:$S$288,0) -> 219 | P42: Sewing Line -14 | S42: GLD1-Sewing Line -1 | T42: DL | U42: Sewing
B43: Sewing Line -22 | C43: =MATCH(B43,$S$22:$S$288,0) -> 162 | D43: Sewing Line -52 | E43: =MATCH(D43,$S$22:$S$288,0) -> 194 | F43: Sewing Line -20 | G43: =MATCH(F43,$S$22:$S$288,0) -> 160 | H43: Finishing/Packing | I43: =MATCH(H43,$S$22:$S$288,0) -> 234 | J43: Sewing Line -21 | K43: =MATCH(J43,$S$22:$S$288,0) -> 161 | L43: Sewing Line -21 | M43: =MATCH(L43,$S$22:$S$288,0) -> 161 | N43: Temporary Sewing(HL) | O43: =MATCH(N43,$S$22:$S$288,0) -> 204 | P43: Sewing Line -15 | S43: GLD1-Sewing Line -2 | T43: DL | U43: Sewing
B44: Sewing Line -23 | C44: =MATCH(B44,$S$22:$S$288,0) -> 163 | D44: Sewing Line -53 | E44: =MATCH(D44,$S$22:$S$288,0) -> 195 | F44: Temporary Sewing (HL) | G44: =MATCH(F44,$S$22:$S$288,0) -> #N/A | H44: Temporary Finishing(HL) | I44: =MATCH(H44,$S$22:$S$288,0) -> 236 | J44: Sewing Line -22 | K44: =MATCH(J44,$S$22:$S$288,0) -> 162 | L44: Sewing Line -22 | M44: =MATCH(L44,$S$22:$S$288,0) -> 162 | N44: Transfer/staff | O44: =MATCH(N44,$S$22:$S$288,0) -> 209 | P44: Sewing Line -16 | S44: GLD1-Sewing Line -3 | T44: DL | U44: Sewing
B45: Sewing Line -24 | C45: =MATCH(B45,$S$22:$S$288,0) -> 164 | D45: Sewing Line -54 | E45: =MATCH(D45,$S$22:$S$288,0) -> 196 | F45: Temporary Special Production | G45: =MATCH(F45,$S$22:$S$288,0) -> 213 | H45: Mechanic | I45: =MATCH(H45,$S$22:$S$288,0) -> 262 | J45: Sewing Line -23 | K45: =MATCH(J45,$S$22:$S$288,0) -> 163 | L45: Temporary Sewing(HL) | M45: =MATCH(L45,$S$22:$S$288,0) -> 204 | N45: Transfer/sewing | O45: =MATCH(N45,$S$22:$S$288,0) -> 206 | P45: Sewing Line -17 | S45: GLD1-Sewing Line -4 | T45: DL | U45: Sewing
B46: Sewing Line -25 | C46: =MATCH(B46,$S$22:$S$288,0) -> 165 | D46: Sewing Line -55 | E46: =MATCH(D46,$S$22:$S$288,0) -> 197 | F46: Transfer/Sewing | G46: =MATCH(F46,$S$22:$S$288,0) -> 206 | H46: Washing/staff | I46: =MATCH(H46,$S$22:$S$288,0) -> 258 | J46: Sewing Line -24 | K46: =MATCH(J46,$S$22:$S$288,0) -> 164 | L46: Rimbas/Buang Benang | M46: =MATCH(L46,$S$22:$S$288,0) -> 225 | N46: Temporary Transfer (HL) | O46: =MATCH(N46,$S$22:$S$288,0) -> 211 | P46: Sewing Line -18 | S46: GLD1-Sewing Line -5 | T46: DL | U46: Sewing
B47: Sewing Line -26 | C47: =MATCH(B47,$S$22:$S$288,0) -> 166 | D47: Sewing Line -56 | E47: =MATCH(D47,$S$22:$S$288,0) -> 198 | F47: Transfer/Finishing | G47: =MATCH(F47,$S$22:$S$288,0) -> 215 | H47: Washing | I47: =MATCH(H47,$S$22:$S$288,0) -> 257 | J47: Sewing Line -25 | K47: =MATCH(J47,$S$22:$S$288,0) -> 165 | L47: Transfer/sewing | M47: =MATCH(L47,$S$22:$S$288,0) -> 206 | N47: Finishing/staff | O47: =MATCH(N47,$S$22:$S$288,0) -> #N/A | P47: Sewing Line -19 | S47: GLD1-Sewing Line -6 | T47: DL | U47: Sewing
B48: Sewing Line -27 | C48: =MATCH(B48,$S$22:$S$288,0) -> 167 | D48: Temporary Sewing(HL) | E48: =MATCH(D48,$S$22:$S$288,0) -> 204 | F48: Repair | G48: =MATCH(F48,$S$22:$S$288,0) -> 219 | H48: Temporary Washing(HL) | I48: =MATCH(H48,$S$22:$S$288,0) -> 260 | J48: Sewing Line -26 | K48: =MATCH(J48,$S$22:$S$288,0) -> 166 | L48: Transfer/Finishing | M48: =MATCH(L48,$S$22:$S$288,0) -> 215 | N48: Finishing/Ironing | O48: =MATCH(N48,$S$22:$S$288,0) -> 235 | P48: Sewing Line -20 | S48: GLD1-Sewing Line -7 | T48: DL | U48: Sewing
B49: Sewing Line -28 | C49: =MATCH(B49,$S$22:$S$288,0) -> 169 | D49: Transfer/sewing | E49: =MATCH(D49,$S$22:$S$288,0) -> 206 | F49: Finishing/Staff | G49: =MATCH(F49,$S$22:$S$288,0) -> #N/A | J49: Sewing Line -27 | K49: =MATCH(J49,$S$22:$S$288,0) -> 168 | L49: Repair | M49: =MATCH(L49,$S$22:$S$288,0) -> 219 | N49: Finishing/Packing | O49: =MATCH(N49,$S$22:$S$288,0) -> 234 | P49: Sewing Line -21 | S49: GLD1-Sewing Line -8 | T49: DL | U49: Sewing
B50: Sewing Line -29 | C50: =MATCH(B50,$S$22:$S$288,0) -> 170 | D50: Transfer/Finishing | E50: =MATCH(D50,$S$22:$S$288,0) -> 215 | F50: Finishing/Ironing | G50: =MATCH(F50,$S$22:$S$288,0) -> 235 | J50: Sewing Line -28 | K50: =MATCH(J50,$S$22:$S$288,0) -> 169 | L50: Finishing/staff | M50: =MATCH(L50,$S$22:$S$288,0) -> #N/A | N50: Temporary Finishing(HL) | O50: =MATCH(N50,$S$22:$S$288,0) -> 236 | P50: Sewing Line -22 | S50: GLD1-Sewing Line -9 | T50: DL | U50: Sewing
B51: Sewing Line -30 | C51: =MATCH(B51,$S$22:$S$288,0) -> 172 | D51: Repair | E51: =MATCH(D51,$S$22:$S$288,0) -> 219 | F51: Finishing/Packing | G51: =MATCH(F51,$S$22:$S$288,0) -> 234 | J51: Bordir | K51: =MATCH(J51,$S$22:$S$288,0) -> 216 | L51: Finishing/Ironing | M51: =MATCH(L51,$S$22:$S$288,0) -> 235 | N51: Umum | O51: =MATCH(N51,$S$22:$S$288,0) -> 231 | P51: Sewing Line -23 | S51: GLD1-Sewing Line -10 | T51: DL | U51: Sewing
B52: Sewing Line -31 | C52: =MATCH(B52,$S$22:$S$288,0) -> 173 | D52: Finishing/staff | E52: =MATCH(D52,$S$22:$S$288,0) -> #N/A | F52: Temporary Finishing (HL) | G52: =MATCH(F52,$S$22:$S$288,0) -> 237 | J52: Bordir Staff | K52: =MATCH(J52,$S$22:$S$288,0) -> 217 | L52: Finishing/Packing | M52: =MATCH(L52,$S$22:$S$288,0) -> 234 | N52: Mechanic Listrik | O52: =MATCH(N52,$S$22:$S$288,0) -> 251 | P52: Sewing Line -24 | S52: GLD1-Sewing Line -11 | T52: DL | U52: Sewing
B53: Sewing Line -32 | C53: =MATCH(B53,$S$22:$S$288,0) -> 174 | D53: Finishing/Ironing | E53: =MATCH(D53,$S$22:$S$288,0) -> 235 | F53: Mechanic | G53: =MATCH(F53,$S$22:$S$288,0) -> 262 | J53: Temporary Bordir(HL) | K53: =MATCH(J53,$S$22:$S$288,0) -> 218 | L53: Temporary Finishing(HL) | M53: =MATCH(L53,$S$22:$S$288,0) -> 236 | N53: Mechanic Mesin | O53: =MATCH(N53,$S$22:$S$288,0) -> 253 | P53: Sewing Line -25 | S53: GLD1-Sewing Line -12 | T53: DL | U53: Sewing
B54: Temporary Sewing(HL) | C54: =MATCH(B54,$S$22:$S$288,0) -> 204 | D54: Finishing/Packing | E54: =MATCH(D54,$S$22:$S$288,0) -> 234 | F54: Washing/Staff | G54: =MATCH(F54,$S$22:$S$288,0) -> 258 | J54: Temporary Sewing(HL) | K54: =MATCH(J54,$S$22:$S$288,0) -> 204 | L54: Mechanic | M54: =MATCH(L54,$S$22:$S$288,0) -> 262 | N54: Temporary Mechanic (HL) | O54: =MATCH(N54,$S$22:$S$288,0) -> 256 | P54: Sewing Line -26 | S54: GLD1-Sewing Line -13 | T54: DL | U54: Sewing
B55: Karyawan Temporary | C55: =MATCH(B55,$S$22:$S$288,0) -> 205 | D55: Temporary Finishing(HL) | E55: =MATCH(D55,$S$22:$S$288,0) -> 236 | F55: Washing | G55: =MATCH(F55,$S$22:$S$288,0) -> 257 | J55: Temporary Special Production | K55: =MATCH(J55,$S$22:$S$288,0) -> 213 | L55: Washing/staff | M55: =MATCH(L55,$S$22:$S$288,0) -> 258 | N55: Washing/staff | O55: =MATCH(N55,$S$22:$S$288,0) -> 258 | P55: Sewing Line -27 | S55: GLD1-Sewing Line -14 | T55: DL | U55: Sewing
B56: Transfer/sewing | C56: =MATCH(B56,$S$22:$S$288,0) -> 206 | D56: Mechanic | E56: =MATCH(D56,$S$22:$S$288,0) -> 262 | F56: Temporary Washing (HL) | G56: =MATCH(F56,$S$22:$S$288,0) -> 261 | J56: Transfer/Staff | K56: =MATCH(J56,$S$22:$S$288,0) -> 209 | L56: Washing B | M56: =MATCH(L56,$S$22:$S$288,0) -> 227 | N56: Washing C | O56: =MATCH(N56,$S$22:$S$288,0) -> 259 | P56: Sewing Line -28 | S56: GLD1-Sewing Line -15 | T56: DL | U56: Sewing
B57: Transfer/Finishing | C57: =MATCH(B57,$S$22:$S$288,0) -> 215 | D57: Washing/staff | E57: =MATCH(D57,$S$22:$S$288,0) -> 258 | J57: Transfer/sewing | K57: =MATCH(J57,$S$22:$S$288,0) -> 206 | L57: Temporary Washing(HL) | M57: =MATCH(L57,$S$22:$S$288,0) -> 260 | N57: Potong Benang/Rimbas | O57: =MATCH(N57,$S$22:$S$288,0) -> 263 | P57: Sewing Line -29 | S57: GLD1-Sewing Line -16 | T57: DL | U57: Sewing
B58: Repair | C58: =MATCH(B58,$S$22:$S$288,0) -> 219 | D58: Washing | E58: =MATCH(D58,$S$22:$S$288,0) -> 257 | J58: Temperory Transfer ( HL ) | K58: =MATCH(J58,$S$22:$S$288,0) -> 210 | L58: Temporary transfer sw(HL) | M58: =MATCH(L58,$S$22:$S$288,0) -> 212 | N58: Press/Pasang Manik-manik | O58: =MATCH(N58,$S$22:$S$288,0) -> 265 | P58: Sewing Line -29/ Shift | S58: GLD1-Sewing Line -17 | T58: DL | U58: Sewing
B59: Finishing/staff | C59: =MATCH(B59,$S$22:$S$288,0) -> #N/A | D59: Temporary Washing(HL) | E59: =MATCH(D59,$S$22:$S$288,0) -> 260 | J59: Transfer/Finishing | K59: =MATCH(J59,$S$22:$S$288,0) -> 215 | N59: Potong Benang (HL) | O59: =MATCH(N59,$S$22:$S$288,0) -> 267 | P59: Sewing Line -30 | S59: GLD1-Sewing Line -18 | T59: DL | U59: Sewing
B60: Finishing/Ironing | C60: =MATCH(B60,$S$22:$S$288,0) -> 235 | J60: Repair/Permaks/Produksi | K60: =MATCH(J60,$S$22:$S$288,0) -> 220 | P60: Sewing Line -31 | S60: GLD1-Sewing Line -19 | T60: DL | U60: Sewing
B61: Finishing/Packing | C61: =MATCH(B61,$S$22:$S$288,0) -> 234 | J61: Finishing/staff | K61: =MATCH(J61,$S$22:$S$288,0) -> #N/A | P61: Sewing Line -32 | S61: GLD1-Sewing Line -20 | T61: DL | U61: Sewing
B62: Temporary Finishing(HL) | C62: =MATCH(B62,$S$22:$S$288,0) -> 236 | J62: Finishing/Ironing | K62: =MATCH(J62,$S$22:$S$288,0) -> 235 | P62: Sewing Line -33 | S62: GLD1-Sewing Line -21 | T62: DL | U62: Sewing
B63: Mechanic | C63: =MATCH(B63,$S$22:$S$288,0) -> 262 | J63: Finishing/Packing | K63: =MATCH(J63,$S$22:$S$288,0) -> 234 | P63: Sewing Line -34 | S63: GLD1-Sewing Line -22 | T63: DL | U63: Sewing
B64: Washing/staff | C64: =MATCH(B64,$S$22:$S$288,0) -> 258 | J64: Temporary Finishing(HL) | K64: =MATCH(J64,$S$22:$S$288,0) -> 236 | P64: Sewing Line -35 | S64: GLD1-Sewing Line -23 | T64: DL | U64: Sewing
B65: Washing | C65: =MATCH(B65,$S$22:$S$288,0) -> 257 | J65: Temporary PPIC(HL) | K65: =MATCH(J65,$S$22:$S$288,0) -> 266 | P65: Sewing Line -36 | S65: GLD1-Sewing Line -24 | T65: DL | U65: Sewing
B66: Temporary Washing(HL) | C66: =MATCH(B66,$S$22:$S$288,0) -> 260 | J66: Mechanic | K66: =MATCH(J66,$S$22:$S$288,0) -> 262 | P66: Sewing Line -37 | S66: GLD1-Sewing Line -25 | T66: DL | U66: Sewing
J67: Temporary Mechanic (HL) | K67: =MATCH(J67,$S$22:$S$288,0) -> 256 | P67: Sewing Line -38 | S67: GLD1-Sewing Line -26 | T67: DL | U67: Sewing
J68: Washing/staff | K68: =MATCH(J68,$S$22:$S$288,0) -> 258 | P68: Sewing Line -39 | S68: GLD1-Sewing Line -27 | T68: DL | U68: Sewing
J69: Washing | K69: =MATCH(J69,$S$22:$S$288,0) -> 257 | P69: Sewing Line -40 | S69: GLD1-Sewing Line -28 | T69: DL | U69: Sewing
J70: Temporary Washing(HL) | K70: =MATCH(J70,$S$22:$S$288,0) -> 260 | P70: Sewing (Training) | S70: GLD1-Sewing Line -29 | T70: DL | U70: Sewing
P71: Rimbas | S71: GLD1-Sewing Line -30 | T71: DL | U71: Sewing
P72: Washing & GU | S72: GLD1-Sewing Line -31 | T72: DL | U72: Sewing
P73: Finishing/staff | S73: GLD1-Sewing Line -32 | T73: DL | U73: Sewing
P74: Ironing | S74: GLD1-Sewing Line -33 | T74: DL | U74: Sewing
P75: Finishing/Transfer | S75: GLD1-Sewing Line -34 | T75: DL | U75: Sewing
P76: Finishing/Packing | S76: GLD1-Sewing Line -35 | T76: DL | U76: Sewing
P77: Temporary Finishing(HL) | S77: GLD1-Sewing Line -36 | T77: DL | U77: Sewing
P78: Chief Mekanik | S78: GLD2-Sewing Line -1 | T78: DL | U78: Sewing
P79: Supervisor Mekanik | S79: GLD2-Sewing Line -2 | T79: DL | U79: Sewing
P80: Adm Mekanik | S80: GLD2-Sewing Line -3 | T80: DL | U80: Sewing
P81: Adm Jarum | S81: GLD2-Sewing Line -4 | T81: DL | U81: Sewing
P82: Umum/ Printing | S82: GLD2-Sewing Line -5 | T82: DL | U82: Sewing
... P94: Finishing/Accessories | S94: GLD2-Sewing Line -17 | T94: DL | U94: Sewing
B95: Production | D95: Production | F95: PRODUCTION | H95: Production | J95: Production | L95: Production | N95: Production | P95: Production | S95: GLD2-Sewing Line -18 | T95: DL | U95: Sewing
B96: PPIC | C96: =MATCH(B96,$S$290:$S$341,0) -> 2 | D96: PPIC | E96: =MATCH(D96,$S$290:$S$341,0) -> 2 | F96: Manager-PPIC | G96: =MATCH(F96,$S$290:$S$340,0) -> 1 | H96: PPIC | I96: =MATCH(H96,$S$291:$S$340,0) -> 1 | J96: PPIC | K96: =MATCH(J96,$S$291:$S$340,0) -> 1 | L96: PPIC | M96: =MATCH(L96,$S$291:$S$340,0) -> 1 | N96: PPIC | O96: =MATCH(N96,$S$291:$S$340,0) -> 1 | P96: PPIC | S96: GLD2-Sewing Line -19 | T96: DL | U96: Sewing
B97: Warehouse/Staff | C97: =MATCH(B97,$S$290:$S$341,0) -> 6 | D97: Warehouse/Staff | E97: =MATCH(D97,$S$290:$S$341,0) -> 6 | F97: PPIC | G97: =MATCH(F97,$S$290:$S$340,0) -> 2 | H97: Warehouse/Staff | I97: =MATCH(H97,$S$291:$S$340,0) -> 5 | J97: Warehouse/Staff | K97: =MATCH(J97,$S$291:$S$340,0) -> 5 | L97: Warehouse/Staff | M97: =MATCH(L97,$S$291:$S$340,0) -> 5 | N97: Warehouse/Staff | O97: =MATCH(N97,$S$291:$S$340,0) -> 5 | P97: Warehouse/Staff | S97: GLD2-Sewing Line -20 | T97: DL | U97: Sewing
B98: Warehouse/Fabric | C98: =MATCH(B98,$S$290:$S$341,0) -> 7 | D98: Warehouse/Fabric | E98: =MATCH(D98,$S$290:$S$341,0) -> 7 | F98: Warehouse/Staff | G98: =MATCH(F98,$S$290:$S$340,0) -> 6 | H98: Warehouse/Fabric | I98: =MATCH(H98,$S$291:$S$340,0) -> 6 | J98: Warehouse/Fabric | K98: =MATCH(J98,$S$291:$S$340,0) -> 6 | L98: Warehouse/Fabric | M98: =MATCH(L98,$S$291:$S$340,0) -> 6 | N98: Warehouse/Fabric | O98: =MATCH(N98,$S$291:$S$340,0) -> 6 | P98: Warehouse/Fabric | S98: GLD2-Sewing Line -21 | T98: DL | U98: Sewing
B99: Warehouse/Sewing Accessories | C99: =MATCH(B99,$S$290:$S$341,0) -> 10 | D99: Warehouse/Sewing Accessories | E99: =MATCH(D99,$S$290:$S$341,0) -> 10 | F99: Warehouse/Fabric | G99: =MATCH(F99,$S$290:$S$340,0) -> 7 | H99: Warehouse/Sewing Accessories | I99: =MATCH(H99,$S$291:$S$340,0) -> 9 | J99: Temporary Fabrik (HL) | K99: =MATCH(J99,$S$291:$S$340,0) -> 13 | L99: Warehouse/Sewing Accessories | M99: =MATCH(L99,$S$291:$S$340,0) -> 9 | N99: Warehouse/Sewing Accessories | O99: =MATCH(N99,$S$291:$S$340,0) -> 9 | P99: Warehouse/Fabric (Shift) | S99: GLD2-Sewing Line -22 | T99: DL | U99: Sewing
B100: Warehouse/Packing Accessories | C100: =MATCH(B100,$S$290:$S$341,0) -> 12 | D100: Warehouse/Packing Accessories | E100: =MATCH(D100,$S$290:$S$341,0) -> 12 | F100: Warehouse/Sewing Accessories | G100: =MATCH(F100,$S$290:$S$340,0) -> 10 | H100: Warehouse/Packing Accessories | I100: =MATCH(H100,$S$291:$S$340,0) -> 11 | J100: Warehouse/Sewing Accessories | K100: =MATCH(J100,$S$291:$S$340,0) -> 9 | L100: Warehouse/Packing Accessories | M100: =MATCH(L100,$S$291:$S$340,0) -> 11 | N100: Warehouse/Packing Accessories | O100: =MATCH(N100,$S$291:$S$340,0) -> 11 | P100: Warehouse/Fabric (HL) | S100: GLD2-Sewing Line -23 | T100: DL | U100: Sewing
B101: Warehouse (HL) | C101: =MATCH(B101,$S$290:$S$341,0) -> 18 | D101: Warehouse (HL) | E101: =MATCH(D101,$S$290:$S$341,0) -> 18 | F101: Warehouse/Packing Accessories | G101: =MATCH(F101,$S$290:$S$340,0) -> 12 | H101: QA | I101: =MATCH(H101,$S$291:$S$340,0) -> #N/A | J101: Temporary ACCS (HL) | K101: =MATCH(J101,$S$291:$S$340,0) -> 14 | L101: Temporary warehouse (HL) | M101: =MATCH(L101,$S$291:$S$340,0) -> 12 | N101: Temporary warehouse (HL) | O101: =MATCH(N101,$S$291:$S$340,0) -> 12 | P101: Warehouse/Sewing Accessories | S101: GLD2-Sewing Line -24 | T101: DL | U101: Sewing
B102: Manager QA | C102: =MATCH(B102,$S$290:$S$341,0) -> 19 | D102: Manager QA | E102: =MATCH(D102,$S$290:$S$341,0) -> 19 | F102: Temporary Warehouse (HL) | G102: =MATCH(F102,$S$290:$S$340,0) -> 13 | H102: QC-Cutting | I102: =MATCH(H102,$S$291:$S$340,0) -> 27 | J102: Warehouse/Packing Accessories | K102: =MATCH(J102,$S$291:$S$340,0) -> 11 | L102: QA | M102: =MATCH(L102,$S$291:$S$340,0) -> #N/A | N102: Manajer QA | O102: =MATCH(N102,$S$291:$S$340,0) -> 19 | P102: Warehouse/ Accessories (HL) | S102: GLD2-Sewing Line -25 | T102: DL | U102: Sewing
B103: QA | C103: =MATCH(B103,$S$290:$S$341,0) -> #N/A | D103: QA | E103: =MATCH(D103,$S$290:$S$341,0) -> #N/A | F103: Manager-QA | G103: =MATCH(F103,$S$290:$S$340,0) -> 21 | H103: QC-Sewing | I103: =MATCH(H103,$S$291:$S$340,0) -> 26 | J103: Warehouse A16-19 | K103: =MATCH(J103,$S$291:$S$340,0) -> 15 | L103: QC-Cutting | M103: =MATCH(L103,$S$291:$S$340,0) -> 27 | N103: QA | O103: =MATCH(N103,$S$291:$S$340,0) -> #N/A | P103: Exim | S103: GLD2-Sewing Line -26 | T103: DL | U103: Sewing
B104: QC-Cutting | C104: =MATCH(B104,$S$290:$S$341,0) -> 28 | D104: QC-Cutting | E104: =MATCH(D104,$S$290:$S$341,0) -> 28 | F104: QA | G104: =MATCH(F104,$S$290:$S$340,0) -> #N/A | H104: QC-Finishing | I104: =MATCH(H104,$S$291:$S$340,0) -> 29 | J104: Temporary A16-A19 | K104: =MATCH(J104,$S$291:$S$340,0) -> 16 | L104: QC-Production | M104: =MATCH(L104,$S$291:$S$340,0) -> 28 | N104: QC-Cutting | O104: =MATCH(N104,$S$291:$S$340,0) -> 27 | P104: QC-Adm | S104: GLD2-Sewing Line -27 | T104: DL | U104: Sewing
B105: QC-Sewing | C105: =MATCH(B105,$S$290:$S$341,0) -> 27 | D105: QC-Sewing | E105: =MATCH(D105,$S$290:$S$341,0) -> 27 | F105: QC-Cutting | G105: =MATCH(F105,$S$290:$S$340,0) -> 28 | H105: QC-warehouse | I105: =MATCH(H105,$S$291:$S$340,0) -> 42 | J105: QA | K105: =MATCH(J105,$S$291:$S$340,0) -> #N/A | L105: QC-Finishing | M105: =MATCH(L105,$S$291:$S$340,0) -> 29 | N105: QC-Production | O105: =MATCH(N105,$S$291:$S$340,0) -> 28 | P105: QA | S105: GLD2-Sewing Line -28 | T105: DL | U105: Sewing
B106: QC-Finishing | C106: =MATCH(B106,$S$290:$S$341,0) -> 30 | D106: QC-Finishing | E106: =MATCH(D106,$S$290:$S$341,0) -> 30 | F106: QC-Sewing | G106: =MATCH(F106,$S$290:$S$340,0) -> 27 | H106: QC-Others | I106: =MATCH(H106,$S$291:$S$340,0) -> 44 | J106: Asst.Manager QA | K106: =MATCH(J106,$S$291:$S$340,0) -> 22 | L106: QC-warehouse | M106: =MATCH(L106,$S$291:$S$340,0) -> 42 | N106: QC-Finishing | O106: =MATCH(N106,$S$291:$S$340,0) -> 29 | P106: QC-Cutting | S106: GLD2-Sewing Line -29 | T106: DL | U106: Sewing
B107: QC-warehouse | C107: =MATCH(B107,$S$290:$S$341,0) -> 43 | D107: QC-warehouse | E107: =MATCH(D107,$S$290:$S$341,0) -> 43 | F107: QC-Finishing | G107: =MATCH(F107,$S$290:$S$340,0) -> 30 | H107: QC/Staff | I107: =MATCH(H107,$S$291:$S$340,0) -> 45 | J107: QC-Produksi | K107: =MATCH(J107,$S$291:$S$340,0) -> 23 | L107: QC-Others | M107: =MATCH(L107,$S$291:$S$340,0) -> 44 | N107: QC-warehouse | O107: =MATCH(N107,$S$291:$S$340,0) -> 42 | P107: QC-Fabric | S107: GLD2-Sewing Line -30 | T107: DL | U107: Sewing
B108: QC-Others | C108: =MATCH(B108,$S$290:$S$341,0) -> 45 | D108: QC-Others | E108: =MATCH(D108,$S$290:$S$341,0) -> 45 | F108: QC-Warehouse | G108: =MATCH(F108,$S$290:$S$340,0) -> 43 | H108: Temporary QC (HL) | I108: =MATCH(H108,$S$291:$S$340,0) -> 50 | J108: QC-Finishing | K108: =MATCH(J108,$S$291:$S$340,0) -> 29 | L108: QC/Staff | M108: =MATCH(L108,$S$291:$S$340,0) -> 45 | N108: QC-Others | O108: =MATCH(N108,$S$291:$S$340,0) -> 44 | P108: QC-Packing | S108: GLD2-Sewing Line -31 | T108: DL | U108: Sewing
B109: SQC | C109: =MATCH(B109,$S$290:$S$341,0) -> 47 | D109: SQC | E109: =MATCH(D109,$S$290:$S$341,0) -> 47 | F109: QC-Others | G109: =MATCH(F109,$S$290:$S$340,0) -> 45 | J109: QC/Staff | K109: =MATCH(J109,$S$291:$S$340,0) -> 45 | L109: Temporary QC (HL) | M109: =MATCH(L109,$S$291:$S$340,0) -> 50 | N109: QC/Staff | O109: =MATCH(N109,$S$291:$S$340,0) -> 45 | P109: QC-End Line | S109: GLD2-Sewing Line -32 | T109: DL | U109: Sewing
B110: QC/Staff | C110: =MATCH(B110,$S$290:$S$341,0) -> 46 | D110: QC/Staff | E110: =MATCH(D110,$S$290:$S$341,0) -> 46 | F110: QC/Staff | G110: =MATCH(F110,$S$290:$S$340,0) -> 46 | J110: Temporary QC ( HL ) | K110: =MATCH(J110,$S$291:$S$340,0) -> 49 | N110: Temporary QC (HL) | O110: =MATCH(N110,$S$291:$S$340,0) -> 50 | P110: QC-Lab | S110: GLD2-Sewing Line -33 | T110: DL | U110: Sewing
B111: Temporary QC (HL) | C111: =MATCH(B111,$S$290:$S$341,0) -> 51 | D111: Temporary QC (HL) | E111: =MATCH(D111,$S$290:$S$341,0) -> 51 | F111: Temporary QC (HL) | G111: =MATCH(F111,$S$290:$S$340,0) -> 51 | P111: QC-Final | S111: GLD2-Sewing Line -34 | T111: DL | U111: Sewing
...

Sheet GLD
A1: PT. GLORY INDUSTRIAL SEMARANG DEMAK
A2: DAILY REPORT - EMPLOYEE
A4: DATE : August 11, 2026
B5: DEPARTEMENT | C5: Employee Yesterday | G5: Total | H5: Employee Today | P5: Transferance | X5: TOTAL | Y5: Absence | AW5: Total Absence | AY5: Total employee | BC5: Total | BD5: REMARKS
H6: In | L6: Out | P6: In | T6: Out | Y6: WN | AC6: S | AG6: P | AK6: OL | AO6: CN | AS6: CM
C7: Permanen | E7: Contract | H7: P | J7: C | L7: P | N7: C | P7: P | R7: C | T7: P | V7: C | Y7: P | AA7: C | AC7: P | AE7: C | AG7: P | AI7: C | AK7: P | AM7: C | AO7: P | AQ7: C | AS7: P | AU7: C | AW7: P | AX7: C | AY7: Permanen | BA7: Contract
C8: M | D8: F | E8: M | F8: F | H8: M | I8: F | J8: M | K8: F | L8: M | M8: F | N8: M | O8: F | P8: M | Q8: F | R8: M | S8: F | T8: M | U8: F | V8: M | W8: F | Y8: M | Z8: F | AA8: M | AB8: F | AC8: M | AD8: F | AE8: M | AF8: F | AG8: M | AH8: F | AI8: M | AJ8: F | AK8: M | AL8: F | AM8: M | AN8: F | AO8: M | AP8: F | AQ8: M | AR8: F | AS8: M | AT8: F | AU8: M | AV8: F | AY8: M | AZ8: F | BA8: M | BB8: F | BE8: dept.name
A9: 1 | B9: DIRECTOR | C9: 0 | D9: 0 | E9: 0 | F9: 0 | G9: 0 | X9: 0 | AW9: 0 | AX9: 0 | AY9: 0 | AZ9: 0 | BA9: 0 | BB9: 0 | BC9: 0
A10: 2 | B10: Factory Manager (Senior) | C10: 1 | D10: 0 | E10: 0 | F10: 0 | G10: 1 | X10: 1 | AW10: 0 | AX10: 0 | AY10: 1 | AZ10: 0 | BA10: 0 | BB10: 0 | BC10: 1 | BD10: Mr. Chad Hsu
A11: 3 | B11: Factory Manager | C11: 5 | D11: 0 | E11: 0 | F11: 0 | G11: 5 | X11: 5 | AW11: 0 | AX11: 0 | AY11: 5 | AZ11: 0 | BA11: 0 | BB11: 0 | BC11: 5 | BD11: Mr. SIMON, Mr.Van , Mr. James. Mr.David w, Mr.Brady chiang
A12: 4 | B12: Head Office (HO) | C12: 2 | D12: 2 | E12: 0 | F12: 0 | G12: 4 | X12: 4 | AW12: 0 | AX12: 0 | AY12: 2 | AZ12: 2 | BA12: 0 | BB12: 0 | BC12: 4 | BD12: .Mr. Mike. Mr. Danny,Melita Mulyani,Jerim
A13: 5 | B13: Advisor-PPIC | C13: 2 | D13: 2 | E13: 0 | F13: 0 | G13: 4 | X13: 4 | AW13: 0 | AX13: 0 | AY13: 2 | AZ13: 2 | BA13: 0 | BB13: 0 | BC13: 4 | BD13: Ms. Miko. Mr.Jerry, Ms.Janet, Mr.Andy
A14: 6 | B14: Advisor-Cutting | C14: 1 | D14: 0 | E14: 0 | F14: 0 | G14: 1 | X14: 1 | AW14: 0 | AX14: 0 | AY14: 1 | AZ14: 0 | BA14: 0 | BB14: 0 | BC14: 1 | BD14: Mr. Lan you zhang. .Mr.Zhong daizhou
A15: 7 | B15: Advisor-Sewing | C15: 2 | D15: 10 | E15: 0 | F15: 0 | G15: 12 | X15: 12 | AW15: 0 | AX15: 0 | AY15: 2 | AZ15: 10 | BA15: 0 | BB15: 0 | BC15: 12 | BD15: LIU JIE, HUANG GAN TIEN, LI PING,ZHOU ZHIBIN, GUO YIN HUA, GUO HONG MEI,YANG XIAO-LING, ZOU XIA, HUANG CAIPING,CAI KENGSHUI, QIN ZHIGANG,chou
A16: 8 | B16: Advisor-Finishing | C16: 0 | D16: 1 | E16: 0 | F16: 0 | G16: 1 | X16: 1 | AW16: 0 | AX16: 0 | AY16: 0 | AZ16: 1 | BA16: 0 | BB16: 0 | BC16: 1 | BD16: Ms. Imelda
A17: 10 | B17: Advisor-Pattern/ Sample | C17: 1 | D17: 4 | E17: 0 | F17: 0 | G17: 5 | X17: 5 | AW17: 0 | AX17: 0 | AY17: 1 | AZ17: 4 | BA17: 0 | BB17: 0 | BC17: 5 | BD17: Chantal Yang,, Zheng Yi,Bao Xianggang.Qin. Kristy, cai
A18: 11 | B18: Advisor/Manager QA | C18: 2 | D18: 0 | E18: 0 | F18: 0 | G18: 2 | X18: 2 | AW18: 0 | AX18: 0 | AY18: 2 | AZ18: 0 | BA18: 0 | BB18: 0 | BC18: 2 | BD18: Mr. Fly, Jay Chang,
A19: 12 | B19: Others | C19: 1 | D19: 0 | E19: 0 | F19: 0 | G19: 1 | X19: 1 | AW19: 0 | AX19: 0 | AY19: 1 | AZ19: 0 | BA19: 0 | BB19: 0 | BC19: 1 | BD19: Bujon Guo,
AW20: 0 | AX20: 0 | AY20: 0 | AZ20: 0 | BA20: 0 | BB20: 0
A21: I | B21: Administration | C21: 0 | D21: 0 | E21: 0 | F21: 0 | G21: 0 | AW21: 0 | AX21: 0 | AY21: 0 | AZ21: 0 | BA21: 0 | BB21: 0 | BC21: 0
A22: 1 | B22: Finance(Accounting/Cashier) | C22: 0 | D22: 1 | E22: 2 | F22: 3 | G22: 6 | X22: 6 | AW22: 0 | AX22: 0 | AY22: 0 | AZ22: 1 | BA22: 2 | BB22: 3 | BC22: 6 | BE22: Finance
A23: 2 | B23: General Affair | C23: 0 | D23: 0 | E23: 7 | F23: 3 | G23: 10 | X23: 10 | AW23: 0 | AX23: 0 | AY23: 0 | AZ23: 0 | BA23: 7 | BB23: 3 | BC23: 10 | BE23: General Affair
A24: 3 | B24: Cleaning Cervice | C24: 0 | D24: 0 | E24: 6 | F24: 2 | G24: 8 | X24: 8 | AW24: 0 | AX24: 0 | AY24: 0 | AZ24: 0 | BA24: 6 | BB24: 2 | BC24: 8
A25: 4 | B25: Cleaning Cervice - 2 | C25: 0 | D25: 0 | E25: 4 | F25: 1 | G25: 5 | X25: 5 | AW25: 0 | AX25: 0 | AY25: 0 | AZ25: 0 | BA25: 4 | BB25: 1 | BC25: 5
A26: 5 | B26: Cleaning Cervice - 3 | C26: 0 | D26: 0 | E26: 3 | F26: 1 | G26: 4 | X26: 4 | AW26: 0 | AX26: 0 | AY26: 0 | AZ26: 0 | BA26: 3 | BB26: 1 | BC26: 4
A27: 6 | B27: Cleaning Cervice - 5 | C27: 0 | D27: 0 | E27: 5 | F27: 1 | G27: 6 | X27: 6 | AW27: 0 | AX27: 0 | AY27: 0 | AZ27: 0 | BA27: 5 | BB27: 1 | BC27: 6
A28: 7 | B28: Cleaning Cervice - 6 | C28: 0 | D28: 0 | E28: 3 | F28: 1 | G28: 4 | X28: 4 | AW28: 0 | AX28: 0 | AY28: 0 | AZ28: 0 | BA28: 3 | BB28: 1 | BC28: 4
A29: 8 | B29: HRD(Personnel/Payroll) | C29: 3 | D29: 8 | E29: 0 | F29: 1 | G29: 12 | X29: 12 | AW29: 0 | AX29: 0 | AY29: 3 | AZ29: 8 | BA29: 0 | BB29: 1 | BC29: 12 | BE29: HRD
A30: 9 | B30: Compliant (HO) | C30: 1 | D30: 1 | E30: 1 | F30: 1 | G30: 4 | X30: 4 | AW30: 0 | AX30: 0 | AY30: 1 | AZ30: 1 | BA30: 1 | BB30: 1 | BC30: 4 | BE30: Compliant/EDP
A31: 10 | B31: EDP (HO) | C31: 3 | D31: 0 | E31: 0 | F31: 0 | G31: 3 | X31: 3 | AW31: 0 | AX31: 0 | AY31: 3 | AZ31: 0 | BA31: 0 | BB31: 0 | BC31: 3
A32: 11 | B32: Barcode (HO) | C32: 0 | D32: 5 | E32: 0 | F32: 0 | G32: 5 | X32: 5 | AT32: 1 | AW32: 1 | AX32: 0 | AY32: 0 | AZ32: 4 | BA32: 0 | BB32: 0 | BC32: 4 | BD32: MISKHUT TOYIBAH (CM)
A33: 12 | B33: Internal Auditor (HO) | C33: 0 | D33: 0 | E33: 1 | F33: 7 | G33: 8 | X33: 8 | AW33: 0 | AX33: 0 | AY33: 0 | AZ33: 0 | BA33: 1 | BB33: 7 | BC33: 8
A34: 13 | B34: QA Team (HO) | C34: 1 | D34: 15 | E34: 1 | F34: 5 | G34: 22 | X34: 22 | AW34: 0 | AX34: 0 | AY34: 1 | AZ34: 15 | BA34: 1 | BB34: 5 | BC34: 22
A35: 14 | B35: Purchasing | C35: 0 | D35: 1 | E35: 0 | F35: 0 | G35: 1 | X35: 1 | AW35: 0 | AX35: 0 | AY35: 0 | AZ35: 1 | BA35: 0 | BB35: 0 | BC35: 1 | BE35: Purchasing
A36: 15 | B36: Driver | C36: 1 | D36: 0 | E36: 3 | F36: 0 | G36: 4 | X36: 4 | AW36: 0 | AX36: 0 | AY36: 1 | AZ36: 0 | BA36: 3 | BB36: 0 | BC36: 4
A37: 16 | B37: Policlinic(Nurse) | C37: 0 | D37: 1 | E37: 0 | F37: 0 | G37: 1 | X37: 1 | AW37: 0 | AX37: 0 | AY37: 0 | AZ37: 1 | BA37: 0 | BB37: 0 | BC37: 1 | BE37: Policlinic
C38: 0 | D38: 0 | E38: 0 | F38: 0 | G38: 0
B40: Sub-total I | C40: 26 | D40: 51 | E40: 36 | F40: 26 | G40: 139 | H40: 0 | I40: 0 | J40: 0 | K40: 0 | L40: 0 | M40: 0 | N40: 0 | O40: 0 | P40: 0 | Q40: 0 | R40: 0 | S40: 0 | T40: 0 | U40: 0 | V40: 0 | W40: 0 | X40: 139 | Y40: 0 | Z40: 0 | AA40: 0 | AB40: 0 | AC40: 0 | AD40: 0 | AE40: 0 | AF40: 0 | AG40: 0 | AH40: 0 | AI40: 0 | AJ40: 0 | AK40: 0 | AL40: 0 | AM40: 0 | AN40: 0 | AO40: 0 | AP40: 0 | AQ40: 0 | AR40: 0 | AS40: 0 | AT40: 1 | AU40: 0 | AV40: 0 | AW40: 1 | AX40: 0 | AY40: 26 | AZ40: 50 | BA40: 36 | BB40: 26 | BC40: 138 | BD40: Total Absence = 1 Persons | BE40: Sub-total I
A41: II | B41: Manufacturing | X41: 0 | AW41: 0 | AX41: 0
A42: 1 | B42: Pattern/POLA/Sample | C42: 16 | D42: 36 | E42: 4 | F42: 19 | G42: 75 | X42: 75 | Y42: 2 | AT42: 1 | AW42: 3 | AX42: 0 | AY42: 14 | AZ42: 35 | BA42: 4 | BB42: 19 | BC42: 72 | BD42: RINI OKTAFIYAH (CM), FARIZI, SALIM (WN) | BE42: Pattern/POLA/Sample
A43: 2 | B43: Cutting/piping | C43: 0 | D43: 0 | E43: 2 | F43: 2 | G43: 4 | X43: 4 | AW43: 0 | AX43: 0 | AY43: 0 | AZ43: 0 | BA43: 2 | BB43: 2 | BC43: 4
A44: 3 | B44: Cutting/piping 2 | C44: 0 | D44: 0 | E44: 0 | F44: 4 | G44: 4 | X44: 4 | AW44: 0 | AX44: 0 | AY44: 0 | AZ44: 0 | BA44: 0 | BB44: 4 | BC44: 4
A45: 4 | B45: Cutting/piping (Staff) 2 | C45: 0 | D45: 1 | E45: 0 | F45: 0 | G45: 1 | X45: 1 | AW45: 0 | AX45: 0 | AY45: 0 | AZ45: 1 | BA45: 0 | BB45: 0 | BC45: 1
A46: 5 | B46: Cutting/piping 3 | C46: 0 | D46: 0 | E46: 4 | F46: 4 | G46: 8 | X46: 8 | AW46: 0 | AX46: 0 | AY46: 0 | AZ46: 0 | BA46: 4 | BB46: 4 | BC46: 8
A47: 6 | B47: Cutting/piping 3 (Staff) | C47: 1 | D47: 0 | E47: 0 | F47: 0 | G47: 1 | X47: 1 | AW47: 0 | AX47: 0 | AY47: 1 | AZ47: 0 | BA47: 0 | BB47: 0 | BC47: 1
A48: 7 | B48: Cutting/piping 6 | C48: 0 | D48: 0 | E48: 3 | F48: 1 | G48: 4 | X48: 4 | AA48: 1 | AW48: 0 | AX48: 1 | AY48: 0 | AZ48: 0 | BA48: 2 | BB48: 1 | BC48: 3 | BD48: MAKRUF (WN)
A49: 8 | B49: Cutting | C49: 0 | D49: 0 | E49: 31 | F49: 119 | G49: 150 | X49: 150 | AB49: 3 | AV49: 1 | AW49: 0 | AX49: 4 | AY49: 0 | AZ49: 0 | BA49: 31 | BB49: 115 | BC49: 146 | BD49: SITI ROIFAH (CM), SUJIATI, ZAZIN, MUNADHIROH (WN) | BE49: Cutting
A50: 9 | B50: Cutting/staff | C50: 2 | D50: 2 | E50: 1 | F50: 1 | G50: 6 | X50: 6 | AW50: 0 | AX50: 0 | AY50: 2 | AZ50: 2 | BA50: 1 | BB50: 1 | BC50: 6
A51: 10 | B51: Cutting - 2 | C51: 2 | D51: 0 | E51: 34 | F51: 110 | G51: 146 | X51: 146 | AB51: 2 | AV51: 1 | AW51: 0 | AX51: 3 | AY51: 2 | AZ51: 0 | BA51: 34 | BB51: 107 | BC51: 143 | BD51: KHAIRIN KURNIAWATI (CM), FALAHA (WN)
A52: 11 | B52: Cutting/staff -2 | C52: 1 | D52: 3 | E52: 0 | F52: 0 | G52: 4 | X52: 4 | AW52: 0 | AX52: 0 | AY52: 1 | AZ52: 3 | BA52: 0 | BB52: 0 | BC52: 4
A53: 12 | B53: Cutting-3 | C53: 0 | D53: 0 | E53: 22 | F53: 41 | G53: 63 | X53: 63 | AB53: 2 | AF53: 1 | AX53: 3 | AY53: 0 | AZ53: 0 | BA53: 22 | BB53: 38 | BC53: 60 | BD53: ARINA, ZALFA (WN), ARRISAA (S)
A54: 13 | B54: Cutting/staff 3 | C54: 3 | D54: 0 | E54: 0 | F54: 0 | G54: 3 | X54: 3 | AW54: 0 | AX54: 0 | AY54: 3 | AZ54: 0 | BA54: 0 | BB54: 0 | BC54: 3
A55: 14 | B55: Cutting -5 | C55: 0 | D55: 0 | E55: 37 | F55: 69 | G55: 106 | X55: 106 | AB55: 2 | AW55: 0 | AX55: 2 | AY55: 0 | AZ55: 0 | BA55: 37 | BB55: 67 | BC55: 104
A56: 15 | B56: Pleating-5 | C56: 0 | D56: 0 | E56: 0 | F56: 0 | G56: 0 | X56: 0 | AW56: 0 | AX56: 0 | AY56: 0 | AZ56: 0 | BA56: 0 | BB56: 0 | BC56: 0
A57: 16 | B57: Cutting/staff 5 | C57: 2 | D57: 1 | E57: 1 | F57: 0 | G57: 4 | X57: 4 | AW57: 0 | AX57: 0 | AY57: 2 | AZ57: 1 | BA57: 1 | BB57: 0 | BC57: 4
A58: 17 | B58: Cutting-6 | C58: 0 | D58: 1 | E58: 16 | F58: 62 | G58: 79 | X58: 79 | AB58: 4 | AW58: 0 | AX58: 4 | AY58: 0 | AZ58: 1 | BA58: 16 | BB58: 58 | BC58: 75 | BD58: DIAH, SOIM, TIA, UI, YULI (WN)
A59: 18 | B59: Cutting/staff- 6 | C59: 2 | D59: 0 | E59: 1 | F59: 0 | G59: 3 | X59: 3 | AW59: 0 | AX59: 0 | AY59: 2 | AZ59: 0 | BA59: 1 | BB59: 0 | BC59: 3
A60: 19 | B60: Bordir- 6 | C60: 0 | D60: 0 | E60: 7 | F60: 36 | G60: 43 | X60: 43 | AB60: 1 | AW60: 0 | AX60: 1 | AY60: 0 | AZ60: 0 | BA60: 7 | BB60: 35 | BC60: 42
A61: 20 | B61: Bordir/Staff- 6 | C61: 2 | D61: 0 | E61: 0 | F61: 0 | G61: 2 | X61: 2 | AW61: 0 | AX61: 0 | AY61: 2 | AZ61: 0 | BA61: 0 | BB61: 0 | BC61: 2
A62: 21 | B62: Chief Sewing | C62: 0 | D62: 3 | E62: 3 | F62: 0 | G62: 6 | X62: 6 | AA62: 1 | AW62: 0 | AX62: 1 | AY62: 0 | AZ62: 3 | BA62: 2 | BB62: 0 | BC62: 5 | BD62: SUNARYO (WN)
A63: 22 | B63: Supervisor Sewing | C63: 0 | D63: 17 | E63: 4 | F63: 13 | G63: 34 | X63: 34 | AW63: 0 | AX63: 0 | AY63: 0 | AZ63: 17 | BA63: 4 | BB63: 13 | BC63: 34
A64: 23 | B64: Sewing (Adm Produksi) /staff | C64: 0 | D64: 3 | E64: 0 | F64: 0 | G64: 3 | X64: 3 | AW64: 0 | AX64: 0 | AY64: 0 | AZ64: 3 | BA64: 0 | BB64: 0 | BC64: 3 | BE64: Sewing/staff
A65: 24 | B65: Chief Sewing (2) | C65: 0 | D65: 8 | E65: 0 | F65: 0 | G65: 8 | X65: 8 | AW65: 0 | AX65: 0 | AY65: 0 | AZ65: 8 | BA65: 0 | BB65: 0 | BC65: 8
A66: 25 | B66: Supervisor Sewing (2) | C66: 2 | D66: 19 | E66: 1 | F66: 15 | G66: 37 | X66: 37 | AW66: 0 | AX66: 0 | AY66: 2 | AZ66: 19 | BA66: 1 | BB66: 15 | BC66: 37
A67: 26 | B67: Sewing (Adm Produksi)/staff (2) | C67: 0 | D67: 2 | E67: 0 | F67: 1 | G67: 3 | X67: 3 | AW67: 0 | AX67: 0 | AY67: 0 | AZ67: 2 | BA67: 0 | BB67: 1 | BC67: 3
A68: 27 | B68: Chief Sewing (3) | C68: 1 | D68: 3 | E68: 0 | F68: 0 | G68: 4 | X68: 4 | AW68: 0 | AX68: 0 | AY68: 1 | AZ68: 3 | BA68: 0 | BB68: 0 | BC68: 4
A69: 28 | B69: Supervisor Sewing (3) | C69: 1 | D69: 7 | E69: 2 | F69: 6 | G69: 16 | X69: 16 | AW69: 0 | AX69: 0 | AY69: 1 | AZ69: 7 | BA69: 2 | BB69: 6 | BC69: 16
A70: 29 | B70: Sewing (Adm Produksi)/staff (3) | C70: 0 | D70: 2 | E70: 0 | F70: 0 | G70: 2 | X70: 2 | AW70: 0 | AX70: 0 | AY70: 0 | AZ70: 2 | BA70: 0 | BB70: 0 | BC70: 2
A71: 30 | B71: Chief Sewing (5) | C71: 2 | D71: 2 | E71: 0 | F71: 0 | G71: 4 | X71: 4 | AW71: 0 | AX71: 0 | AY71: 2 | AZ71: 2 | BA71: 0 | BB71: 0 | BC71: 4
A72: 31 | B72: Supervisor Sewing (5) | C72: 7 | D72: 9 | E72: 0 | F72: 2 | G72: 18 | X72: 18 | AW72: 0 | AX72: 0 | AY72: 7 | AZ72: 9 | BA72: 0 | BB72: 2 | BC72: 18
A73: 32 | B73: Sewing (Adm Produksi)/staff (5) | C73: 0 | D73: 2 | E73: 0 | F73: 0 | G73: 2 | X73: 2 | AW73: 0 | AX73: 0 | AY73: 0 | AZ73: 2 | BA73: 0 | BB73: 0 | BC73: 2
A74: 33 | B74: Chief Sewing (6) | C74: 2 | D74: 2 | E74: 0 | F74: 0 | G74: 4 | X74: 4 | AW74: 0 | AX74: 0 | AY74: 2 | AZ74: 2 | BA74: 0 | BB74: 0 | BC74: 4
A75: 34 | B75: Supervisor Sewing (6) | C75: 2 | D75: 10 | E75: 0 | F75: 8 | G75: 20 | X75: 20 | AB75: 1 | AJ75: 1 | AW75: 0 | AX75: 2 | AY75: 2 | AZ75: 10 | BA75: 0 | BB75: 6 | BC75: 18 | BD75: NUR (OL), SULIS (WN)
A76: 35 | B76: Sewing (Adm Produksi)/staff (6) | C76: 0 | D76: 2 | E76: 0 | F76: 0 | G76: 2 | X76: 2 | AW76: 0 | AX76: 0 | AY76: 0 | AZ76: 2 | BA76: 0 | BB76: 0 | BC76: 2
A77: 36 | B77: GLD1-Sewing Line -1 | C77: 0 | D77: 2 | E77: 6 | F77: 30 | G77: 38 | X77: 38 | AW77: 0 | AX77: 0 | AY77: 0 | AZ77: 2 | BA77: 6 | BB77: 30 | BC77: 38 | BE77: Sewing Line -01
A78: 37 | B78: GLD1-Sewing Line -2 | C78: 0 | D78: 1 | E78: 4 | F78: 33 | G78: 38 | X78: 38 | AW78: 0 | AX78: 0 | AY78: 0 | AZ78: 1 | BA78: 4 | BB78: 33 | BC78: 38 | BE78: Sewing Line -02
A79: 38 | B79: GLD1-Sewing Line -3 | C79: 2 | D79: 2 | E79: 7 | F79: 26 | G79: 37 | X79: 37 | AA79: 1 | AW79: 0 | AX79: 1 | AY79: 2 | AZ79: 2 | BA79: 6 | BB79: 26 | BC79: 36 | BD79: AGUS (WN)
A80: 39 | B80: GLD1-Sewing Line -4 | C80: 0 | D80: 2 | E80: 3 | F80: 32 | G80: 37 | X80: 37 | AW80: 0 | AX80: 0 | AY80: 0 | AZ80: 2 | BA80: 3 | BB80: 32 | BC80: 37 | BE80: Sewing Line -04
A81: 40 | B81: GLD1-Sewing Line -5 | C81: 2 | D81: 6 | E81: 1 | F81: 30 | G81: 39 | X81: 39 | AB81: 2 | AF81: 1 | AV81: 2 | AW81: 0 | AX81: 5 | AY81: 2 | AZ81: 6 | BA81: 1 | BB81: 25 | BC81: 34 | BD81: SRI HANDAYANI. IKA SAFITRI (CM), NUR (S), RIZKI, WIDURI (WN) | BE81: Sewing Line -05
A82: 41 | B82: GLD1-Sewing Line -6 | C82: 2 | D82: 8 | E82: 7 | F82: 22 | G82: 39 | X82: 39 | AV82: 2 | AW82: 0 | AX82: 2 | AY82: 2 | AZ82: 8 | BA82: 7 | BB82: 20 | BC82: 37 | BD82: DEWI ERNAWATI, ANIS CHOLIFAH (CM), | BE82: Sewing Line -06
A83: 42 | B83: GLD1-Sewing Line -7 | C83: 0 | D83: 6 | E83: 6 | F83: 29 | G83: 41 | X83: 41 | AW83: 0 | AX83: 0 | AY83: 0 | AZ83: 6 | BA83: 6 | BB83: 29 | BC83: 41 | BE83: Sewing Line -07
A84: 43 | B84: GLD1-Sewing Line -8 | C84: 0 | D84: 10 | E84: 9 | F84: 18 | G84: 37 | K84: 1 | X84: 38 | AB84: 2 | AW84: 0 | AX84: 2 | AY84: 0 | AZ84: 10 | BA84: 9 | BB84: 17 | BC84: 36 | BD84: SITI, IDA (WN) | BE84: Sewing Line -08
A85: 44 | B85: GLD1-Sewing Line -9 | C85: 2 | D85: 8 | E85: 4 | F85: 22 | G85: 36 | J85: 1 | X85: 37 | AW85: 0 | AX85: 0 | AY85: 2 | AZ85: 8 | BA85: 5 | BB85: 22 | BC85: 37 | BE85: Sewing Line -09
A86: 45 | B86: GLD1-Sewing Line -10 | C86: 1 | D86: 7 | E86: 11 | F86: 19 | G86: 38 | X86: 38 | AB86: 3 | AV86: 2 | AW86: 0 | AX86: 5 | AY86: 1 | AZ86: 7 | BA86: 11 | BB86: 14 | BC86: 33 | BD86: NUR KHASANAH. LULUK CHOIRIYAH (CM), KISWATI, SUWANDI, WAHYU (WN) | BE86: Sewing Line -10
A87: 46 | B87: GLD1-Sewing Line -11 | C87: 2 | D87: 6 | E87: 6 | F87: 23 | G87: 37 | X87: 37 | AB87: 2 | AV87: 1 | AW87: 0 | AX87: 3 | AY87: 2 | AZ87: 6 | BA87: 6 | BB87: 20 | BC87: 34 | BD87: PUJI ASTUTI (CM), IZA, WAHYU(WN) | BE87: Sewing Line -11
A88: 47 | B88: GLD1-Sewing Line -12 | C88: 1 | D88: 11 | E88: 2 | F88: 25 | G88: 39 | X88: 39 | AW88: 0 | AX88: 0 | AY88: 1 | AZ88: 11 | BA88: 2 | BB88: 25 | BC88: 39 | BE88: Sewing Line -12
A89: 48 | B89: GLD1-Sewing Line -13 | C89: 1 | D89: 8 | E89: 5 | F89: 25 | G89: 39 | X89: 39 | AB89: 2 | AW89: 0 | AX89: 2 | AY89: 1 | AZ89: 8 | BA89: 5 | BB89: 23 | BC89: 37 | BD89: ISNAINI (WN) | BE89: Sewing Line -13
A90: 49 | B90: GLD1-Sewing Line -14 | C90: 0 | D90: 9 | E90: 4 | F90: 23 | G90: 36 | O90: 1 | X90: 35 | AW90: 0 | AX90: 0 | AY90: 0 | AZ90: 9 | BA90: 4 | BB90: 22 | BC90: 35 | BE90: Sewing Line -14
A91: 50 | B91: GLD1-Sewing Line -15 | C91: 0 | D91: 7 | E91: 9 | F91: 23 | G91: 39 | K91: 1 | X91: 40 | AV91: 1 | AW91: 0 | AX91: 1 | AY91: 0 | AZ91: 7 | BA91: 9 | BB91: 23 | BC91: 39 | BD91: SURYANINGSIH (CM), | BE91: Sewing Line -15
A92: 51 | B92: GLD1-Sewing Line -16 | C92: 0 | D92: 7 | E92: 14 | F92: 18 | G92: 39 | K92: 2 | X92: 41 | AA92: 1 | AW92: 0 | AX92: 1 | AY92: 0 | AZ92: 7 | BA92: 13 | BB92: 20 | BC92: 40 | BD92: HERI (WN) | BE92: Sewing Line -16
A93: 52 | B93: GLD1-Sewing Line -17 | C93: 1 | D93: 15 | E93: 10 | F93: 15 | G93: 41 | X93: 41 | AV93: 1 | AW93: 0 | AX93: 1 | AY93: 1 | AZ93: 15 | BA93: 10 | BB93: 14 | BC93: 40 | BD93: RIBUT WINARTI (CM), | BE93: Sewing Line -17
A94: 53 | B94: GLD1-Sewing Line -18 | C94: 0 | D94: 9 | E94: 7 | F94: 22 | G94: 38 | X94: 38 | AA94: 1 | AW94: 0 | AX94: 1 | AY94: 0 | AZ94: 9 | BA94: 6 | BB94: 22 | BC94: 37 | BD94: ARYA (P) | BE94: Sewing Line -18
A95: 54 | B95: GLD1-Sewing Line -19 | C95: 2 | D95: 3 | E95: 8 | F95: 26 | G95: 39 | X95: 39 | AW95: 0 | AX95: 0 | AY95: 2 | AZ95: 3 | BA95: 8 | BB95: 26 | BC95: 39 | BE95: Sewing Line -19
A96: 55 | B96: GLD1-Sewing Line -20 | C96: 1 | D96: 7 | E96: 5 | F96: 22 | G96: 35 | X96: 35 | AB96: 3 | AW96: 0 | AX96: 3 | AY96: 1 | AZ96: 7 | BA96: 5 | BB96: 19 | BC96: 32 | BD96: APRILIANA, LUTFI, ZOLA (WN) | BE96: Sewing Line -20
A97: 56 | B97: GLD1-Sewing Line -21 | C97: 0 | D97: 6 | E97: 3 | F97: 29 | G97: 38 | X97: 38 | AA97: 1 | AW97: 0 | AX97: 1 | AY97: 0 | AZ97: 6 | BA97: 2 | BB97: 29 | BC97: 37 | BD97: FIFIT (WN) | BE97: Sewing Line -21
A98: 57 | B98: GLD1-Sewing Line -22 | C98: 3 | D98: 4 | E98: 2 | F98: 30 | G98: 39 | X98: 39 | AB98: 1 | AW98: 0 | AX98: 1 | AY98: 3 | AZ98: 4 | BA98: 2 | BB98: 29 | BC98: 38 | BD98: JUMIATUN (WN) | BE98: Sewing Line -22
A99: 58 | B99: GLD1-Sewing Line -23 | C99: 4 | D99: 6 | E99: 1 | F99: 30 | G99: 41 | X99: 41 | AB99: 1 | AW99: 0 | AX99: 1 | AY99: 4 | AZ99: 6 | BA99: 1 | BB99: 29 | BC99: 40 | BD99: FAJRUL (WN) | BE99: Sewing Line -23
A100: 59 | B100: GLD1-Sewing Line -24 | C100: 0 | D100: 10 | E100: 5 | F100: 27 | G100: 42 | K100: 3 | X100: 45 | AB100: 4 | AF100: 1 | AW100: 0 | AX100: 5 | AY100: 0 | AZ100: 10 | BA100: 5 | BB100: 25 | BC100: 40 | BD100: FAISAL (S), DIAH, IMROATUN, ZUHRI, NURUL (WN) | BE100: Sewing Line -24
A101: 60 | B101: GLD1-Sewing Line -25 | C101: 1 | D101: 19 | E101: 5 | F101: 14 | G101: 39 | X101: 39 | AW101: 0 | AX101: 0 | AY101: 1 | AZ101: 19 | BA101: 5 | BB101: 14 | BC101: 39 | BE101: Sewing Line -25
A102: 61 | B102: GLD1-Sewing Line -26 | C102: 0 | D102: 19 | E102: 9 | F102: 12 | G102: 40 | X102: 40 | AA102: 1 | AV102: 1 | AW102: 0 | AX102: 2 | AY102: 0 | AZ102: 19 | BA102: 8 | BB102: 11 | BC102: 38 | BD102: MUNIAH (CM), MUJAHID (WN) | BE102: Sewing Line -26
...

Sheet GLD分攤(Chad)
A1: NO | B1: DEPARTEMENT | C1: 小類 | D1: 廠別 | E1: Employee Yesterday | I1: Total | J1: Employee Today | R1: Transferance
A2: 1 | B2: DIRECTOR | C2: - | D2: - | E2: 0 | F2: 0 | G2: 0 | H2: 0 | I2: =E2+F2+G2+H2 -> 0
A3: 2 | B3: Factory Manager (Senior) | C3: - | D3: - | E3: 1 | F3: 0 | G3: 0 | H3: 0 | I3: =E3+F3+G3+H3 -> 1
A4: 3 | B4: Factory Manager | C4: - | D4: - | E4: 3 | F4: 0 | G4: 0 | H4: 0 | I4: =E4+F4+G4+H4 -> 3
A5: 4 | B5: Head Office (HO) | C5: - | D5: - | E5: 0 | F5: 4 | G5: 0 | H5: 0 | I5: =E5+F5+G5+H5 -> 4
A6: 5 | B6: Advisor-PPIC | C6: - | D6: - | E6: 3 | F6: 0 | G6: 0 | H6: 0 | I6: =E6+F6+G6+H6 -> 3
A7: 6 | B7: Advisor-Cutting | C7: - | D7: - | E7: 0 | F7: 14 | G7: 0 | H7: 0 | I7: =E7+F7+G7+H7 -> 14
A8: 7 | B8: Advisor-Sewing | C8: - | D8: - | E8: 1 | F8: 1 | G8: 0 | H8: 0 | I8: =E8+F8+G8+H8 -> 2
A9: 8 | B9: Advisor-Finishing | C9: - | D9: - | E9: 2 | F9: 0 | G9: 0 | H9: 0 | I9: =E9+F9+G9+H9 -> 2
A10: 9 | B10: Advisor-Fabric | C10: - | D10: - | E10: 2 | F10: 2 | G10: 0 | H10: 0 | I10: =E10+F10+G10+H10 -> 4
A11: 10 | B11: Advisor-Pattern/ Sample | C11: - | D11: - | E11: 3 | F11: 0 | G11: 0 | H11: 0 | I11: =E11+F11+G11+H11 -> 3
A12: 11 | B12: Advisor-QC | C12: - | D12: - | E12: 1 | F12: 0 | G12: 0 | H12: 0 | I12: =E12+F12+G12+H12 -> 1
A13: 12 | B13: Advisor-Mechanic | C13: - | D13: - | E13: 0 | F13: 0 | G13: 0 | H13: 0 | I13: =E13+F13+G13+H13 -> 0
C14: - | D14: - | E14: 0 | F14: 0 | G14: 0 | H14: 0 | I14: =E14+F14+G14+H14 -> 0
A15: I | B15: Administration
A16: 1 | B16: Finance(Accounting/Cashier) | D16: GLD1+2+3+5+6 | I16: =E16+F16+G16+H16 -> 0
A17: 2 | B17: General Affair | C17: - | D17: GLD1+2+3+5+6 | E17: 2 | F17: 4 | G17: 0 | H17: 0 | I17: =E17+F17+G17+H17 -> 6
A18: 3 | B18: Cleaning Cervice | C18: - | D18: GLD1
A19: 4 | B19: Cleaning Cervice - 2 | C19: - | D19: GLD2
A20: 5 | B20: Cleaning Cervice - 3 | C20: - | D20: GLD3
A21: 6 | B21: Cleaning Cervice - 5 | C21: - | D21: GLD5
A22: 7 | B22: Cleaning Cervice - 6 | C22: - | D22: GLD6
A23: 8 | B23: HRD(Personnel/Payroll) | C23: - | D23: GLD1+2+3+5+6 | E23: 0 | F23: 0 | G23: 1 | H23: 2 | I23: =E23+F23+G23+H23 -> 3
A24: 9 | B24: Compliant/EDP/internal Audit (HO) | C24: - | D24: GLD1+2+3+5+6 | E24: 2 | F24: 4 | G24: 0 | H24: 3 | I24: =E24+F24+G24+H24 -> 9
A25: 10 | B25: Compliant/EDP (HO) | C25: - | D25: GLD1+2+3+5+6
A26: 11 | B26: Internal Auditor (HO) | C26: - | D26: GLD1+2+3+5+6
A27: 12 | B27: QA Team (HO) | D27: GLD1+2+3+5+6
A28: 13 | B28: Compliant (HO) | D28: GLD1+2+3+5+6
A29: 14 | B29: EDP (HO) | D29: GLD1+2+3+5+6
A30: 15 | B30: QA (HO) | C30: - | D30: GLD1+2+3+5+6
A31: 16 | B31: QC AUDITOR (HO) | D31: GLD1+2+3+5+6
A32: 17 | B32: Purchasing | C32: - | D32: GLD1+2+3+5+6 | E32: 2 | F32: 1 | G32: 1 | H32: 7 | I32: =E32+F32+G32+H32 -> 11
A33: 18 | B33: Driver | C33: - | D33: GLD1+2+3+5+6 | E33: 0 | F33: 2 | G33: 0 | H33: 0 | I33: =E33+F33+G33+H33 -> 2
A34: 19 | B34: Policlinic(Nurse) | C34: - | D34: GLD1+2+3+5+6 | E34: 0 | F34: 0 | G34: 5 | H34: 0 | I34: =E34+F34+G34+H34 -> 5
A35: 20 | B35: Auditor Sewing | C35: - | D35: GLD1+2+3+5+6 | E35: 0 | F35: 0 | G35: 0 | H35: 1 | I35: =E35+F35+G35+H35 -> 1
E36: 0 | F36: 0 | G36: 0 | H36: 0 | I36: =E36+F36+G36+H36 -> 0
B37: Sub-total I
A38: II | B38: Manufacturing | E38: 22 | F38: 32 | G38: 7 | H38: 13 | I38: =SUM(I2:I36) -> 74 | J38: 0 | K38: 0 | L38: 0 | M38: 0 | N38: 0 | O38: 0 | P38: 0 | Q38: 0 | R38: 0 | S38: 0 | T38: 0 | U38: 0 | V38: 0 | W38: 0 | X38: 0 | Y38: 0
A39: 1 | B39: Pattern/POLA/Sample | D39: GLD1+2+3+5+6
A40: 2 | B40: Cutting/piping (HL) | C40: 裁燙包人數 | D40: GLD1+2+3+5+6 | E40: 13 | F40: 19 | G40: 9 | H40: 21 | I40: =E40+F40+G40+H40 -> 62
A41: 3 | B41: Cutting/piping (Staff) | C41: 裁燙包人數 | D41: GLD1+2+3+5+6 | E41: 0 | F41: 0 | G41: 15 | H41: 122 | I41: =E41+F41+G41+H41 -> 137
A42: 4 | B42: Cutting/piping | C42: 裁燙包人數 | D42: GLD1 | E42: 3 | F42: 0 | G42: 0 | H42: 0 | I42: =E42+F42+G42+H42 -> 3 | AA42: 45582
A43: 5 | B43: Cutting/piping 2 | C43: 裁燙包人數 | D43: GLD2
A44: 6 | B44: Cutting/piping 2 (HL) | C44: 裁燙包人數 | D44: GLD2
A45: 7 | B45: Cutting/piping (Staff) 2 | C45: 裁燙包人數 | D45: GLD2 | AA45: Danny 1003 revise
A46: 8 | B46: Cutting/piping 3 | C46: 裁燙包人數 | D46: GLD3+5
A47: 9 | B47: Cutting/piping 3 (Staff) | C47: 裁燙包人數 | D47: GLD3
A48: 10 | B48: Cutting/piping 6 | C48: 裁燙包人數 | D48: GLD6 | E48: 2 | F48: 0 | G48: 3 | H48: 0 | I48: =E48+F48+G48+H48 -> 5 | AA48: 45582
A49: 11 | B49: Cutting (check Panel) | C49: 裁燙包人數 | D49: GLD1
A50: 12 | B50: Cutting (check Panel) HL | C50: 裁燙包人數 | D50: GLD1
A51: 13 | B51: Cutting (Bordir) | C51: 裁燙包人數 | D51: GLD1+2+3+5+6 | E51: 0 | F51: 0 | G51: 3 | H51: 6 | I51: =E51+F51+G51+H51 -> 9
A52: 14 | B52: Bordir/Staff | C52: 裁燙包人數 | D52: GLD1+2+3+5+6
A53: 15 | B53: Cutting (Bordir) HL | C53: 裁燙包人數 | D53: GLD1+2+3+5+6 | E53: 0 | F53: 1 | G53: 0 | H53: 0 | I53: =E53+F53+G53+H53 -> 1
A54: 16 | B54: Barcode (HO) | C54: 裁燙包人數 | D54: GLD1+2+3+5+6 | E54: 0 | F54: 0 | G54: 0 | H54: 14 | I54: =E54+F54+G54+H54 -> 14
A55: 17 | B55: Cutting | C55: 裁燙包人數 | D55: GLD1 | E55: 0 | F55: 0 | G55: 15 | H55: 109 | I55: =E55+F55+G55+H55 -> 124
A56: 18 | B56: Cutting (HL) | C56: 裁燙包人數 | D56: GLD1
A57: 19 | B57: Cutting /Staff (cutter) | C57: 裁燙包人數 | D57: GLD1
A58: 20 | B58: Cutting/staff | C58: 裁燙包人數 | D58: GLD1
A59: 21 | B59: Cutting (check Panel)-2 | C59: 裁燙包人數 | D59: GLD2
A60: 22 | B60: Cutting - 2 | C60: 裁燙包人數 | D60: GLD2
A61: 23 | B61: Cutting - 2 (HL) | C61: 裁燙包人數 | D61: GLD2
A62: 24 | B62: Cutting/staff -2 | C62: 裁燙包人數 | D62: GLD2
A63: 25 | B63: Cutting-3 | C63: 裁燙包人數 | D63: GLD3
A64: 26 | B64: Cutting-3 (HL) | C64: 裁燙包人數 | D64: GLD3 | E64: 0 | F64: 0 | G64: 0 | H64: 1 | I64: =E64+F64+G64+H64 -> 1
A65: 27 | B65: Cutting/staff 3 | C65: 裁燙包人數 | D65: GLD3 | E65: 3 | F65: 3 | G65: 1 | H65: 0 | I65: =E65+F65+G65+H65 -> 7
A66: 28 | B66: Cutting -5 | C66: 裁燙包人數 | D66: GLD5 | E66: 0 | F66: 0 | G66: 7 | H66: 18 | I66: =E66+F66+G66+H66 -> 25
A67: 29 | B67: Cutting -5 (HL) | C67: 裁燙包人數 | D67: GLD5
A68: 30 | B68: Cutting/staff 5 | C68: 裁燙包人數 | D68: GLD5
A69: 31 | B69: Cutting-6 | C69: 裁燙包人數 | D69: GLD6
A70: 32 | B70: Cutting-6 (HL) | C70: 裁燙包人數 | D70: GLD6 | E70: 0 | F70: 0 | G70: 2 | H70: 0 | I70: =E70+F70+G70+H70 -> 2
A71: 33 | B71: Cutting/staff 6 | C71: 裁燙包人數 | D71: GLD6 | E71: 0 | F71: 1 | G71: 10 | H71: 17 | I71: =E71+F71+G71+H71 -> 28
A72: 34 | B72: Chief Sewing | C72: 車工人數 | D72: GLD1 | E72: 2 | F72: 0 | G72: 0 | H72: 0 | I72: =E72+F72+G72+H72 -> 2
A73: 35 | B73: Supervisor Sewing | C73: 車工人數 | D73: GLD1
A74: 36 | B74: Sewing (Adm Produksi) /staff | C74: 車工人數 | D74: GLD1
A75: 37 | B75: Chief Sewing (2) | C75: 車工人數 | D75: GLD2
A76: 38 | B76: Supervisor Sewing (2) | C76: 車工人數 | D76: GLD2
A77: 39 | B77: Sewing (Adm Produksi)/staff (2) | C77: 車工人數 | D77: GLD2
A78: 40 | B78: Chief Sewing (3) | C78: 車工人數 | D78: GLD3
A79: 41 | B79: Supervisor Sewing (3) | C79: 車工人數 | D79: GLD3 | E79: 2 | F79: 5 | G79: 2 | H79: 6 | I79: =E79+F79+G79+H79 -> 15
A80: 42 | B80: Sewing (Adm Produksi)/staff (3) | C80: 車工人數 | D80: GLD3
A81: 43 | B81: INDUSTRIAL ENGINEERING 1 | C81: 車工人數 | D81: GLD1
A82: 44 | B82: INDUSTRIAL ENGINEERING 2 | C82: 車工人數 | D82: GLD2
A83: 45 | B83: INDUSTRIAL ENGINEERING 3 | C83: 車工人數 | D83: GLD3
A84: 46 | B84: INDUSTRIAL ENGINEERING 5 | C84: 車工人數 | D84: GLD5
A85: 47 | B85: INDUSTRIAL ENGINEERING 6 | C85: 車工人數 | D85: GLD6 | E85: 2 | F85: 30 | G85: 6 | H85: 49 | I85: =E85+F85+G85+H85 -> 87
A86: 48 | B86: Chief Sewing (5) | C86: 車工人數 | D86: GLD5 | E86: 0 | F86: 5 | G86: 0 | H86: 3 | I86: =E86+F86+G86+H86 -> 8
A87: 49 | B87: Supervisor Sewing (5) | C87: 車工人數 | D87: GLD5
A88: 50 | B88: Sewing (Adm Produksi)/staff (5) | C88: 車工人數 | D88: GLD5 | E88: 0 | F88: 2 | G88: 0 | H88: 1 | I88: =E88+F88+G88+H88 -> 3
A89: 51 | B89: Chief Sewing (6) | C89: 車工人數 | D89: GLD6 | E89: 0 | F89: 0 | G89: 5 | H89: 29 | I89: =E89+F89+G89+H89 -> 34
A90: 52 | B90: Supervisor Sewing (6) | C90: 車工人數 | D90: GLD6 | E90: 0 | F90: 0 | G90: 4 | H90: 29 | I90: =E90+F90+G90+H90 -> 33
A91: 53 | B91: Sewing (Adm Produksi)/staff (6) | C91: 車工人數 | D91: GLD6 | E91: 0 | F91: 0 | G91: 7 | H91: 26 | I91: =E91+F91+G91+H91 -> 33
A92: 54 | B92: GLD1-Sewing Line -1 | C92: 車工人數 | D92: GLD1 | E92: 0 | F92: 0 | G92: 3 | H92: 29 | I92: =E92+F92+G92+H92 -> 32
A93: 55 | B93: GLD1-Sewing Line -2 | C93: 車工人數 | D93: GLD1 | E93: 0 | F93: 0 | G93: 4 | H93: 30 | I93: =E93+F93+G93+H93 -> 34
A94: 56 | B94: GLD1-Sewing Line -3 | C94: 車工人數 | D94: GLD1 | E94: 0 | F94: 0 | G94: 4 | H94: 29 | I94: =E94+F94+G94+H94 -> 33
A95: 57 | B95: GLD1-Sewing Line -4 | C95: 車工人數 | D95: GLD1 | E95: 0 | F95: 0 | G95: 3 | H95: 31 | I95: =E95+F95+G95+H95 -> 34
A96: 58 | B96: GLD1-Sewing Line -5 | C96: 車工人數 | D96: GLD1
A97: 59 | B97: GLD1-Sewing Line -6 | C97: 車工人數 | D97: GLD1
A98: 60 | B98: GLD1-Sewing Line -7 | C98: 車工人數 | D98: GLD1
A99: 61 | B99: GLD1-Sewing Line -8 | C99: 車工人數 | D99: GLD1 | E99: 0 | F99: 0 | G99: 2 | H99: 30 | I99: =E99+F99+G99+H99 -> 32
A100: 62 | B100: GLD1-Sewing Line -9 | C100: 車工人數 | D100: GLD1 | E100: 0 | F100: 0 | G100: 4 | H100: 30 | I100: =E100+F100+G100+H100 -> 34
...

Sheet Combine (不許動)
A1: GLD | B1: =COUNTIF(B2:B433,"NO") -> 0 | C1: Sewing | D1: HL | E1: 全廠扣 MNG、加 SL (確保數字都抓到) | H1: =IF((SUMIFS(F3:F340,A3:A340,"<>*total*")-SUMIFS(F3:F340,A3:A340,"*QC*GU*")<>'TP Summary'!S24),"ERROR","OK") -> OK | J1: 36 | M1: 40 | P1: 16 | S1: 20 | V1: 20
A2: DEPARTEMENT | B2: check | C2: DL/IDL | D2: Belong | E2: HL | F2: Total | G2: CM-P | H2: CM-C | J2: GLD1 | K2: GLD1-HL | L2: GLD1-CM | M2: GLD2 | N2: GLD2-HL | O2: GLD2-CM | P2: GLD3 | Q2: GLD3-HL | R2: GLD3-CM | S2: GLD5 | T2: GLD5-HL | U2: GLD5-CM | V2: GLD6 | W2: GLD6-HL | X2: GLD6-CM
A3: =GLD!B22 -> Finance(Accounting/Cashier) | B3: =IF(OR(A3=0,LEFT(A3,2)="Mr",LEFT(A3,2)="Ms",LEFT(A3,3)="Sub",LEFT(A3,5)="Grand",RIGHT(A3,3)="by,"),"",IF(ISERROR(MATCH(A3,'Dept (不許動)'!$S:$S,0)),"NO","")) | C3: =IF(A3=0,"",IF(ISNA(VLOOKUP(A3,'Dept (不許動)'!$S:$V,2,0)),"",VLOOKUP(A3,'Dept (不許動)'!$S:$V,2,0))) -> IDL | D3: =IF(A3=0,"",IF(ISNA(VLOOKUP(A3,'Dept (不許動)'!$S:$V,3,0)),"",VLOOKUP(A3,'Dept (不許動)'!$S:$V,3,0))) -> IDL others | E3: =IF(A3=0,"",IF(ISNA(VLOOKUP(A3,'Dept (不許動)'!$S:$V,4,0)),"",VLOOKUP(A3,'Dept (不許動)'!$S:$V,4,0))) -> 0 | F3: =GLD!$BC22 -> 6 | G3: =GLD!$AT22 -> 0 | H3: =GLD!$AV22 -> 0 | I3: =IF($D3="Embordiary","GLD6",IF(ISNA(VLOOKUP(A3,'GLD分攤(Chad)'!$B$2:$E$572,3,0)),"",(VLOOKUP(A3,'GLD分攤(Chad)'!$B$9:$E$572,3,0)))) -> GLD1+2+3+5+6 | J3: =IF(E3="HL",0,IF($I3="GLD1+2+3+5+6",$F3*$J$1/SUM($J$1:$V$1),IF($I3="GLD1+2+3",$F3*$J$1/SUM($J$1:$P$1),IF($I3="GLD1+2",$F3*$J$1/SUM($J$1:$M$1),IF($I3="GLD1",$F3,0))))) -> 1.6363636 | K3: =IF(E3="HL",IF($I3="GLD1+2+3+5+6",$F3*$J$1/SUM($J$1:$V$1),IF($I3="GLD1+2+3",$F3*$J$1/SUM($J$1:$P$1),IF($I3="GLD1+2",$F3*$J$1/SUM($J$1:$M$1),IF($I3="GLD1",$F3,0)))),0) -> 0 | L3: =IF($I3="GLD1+2+3+5+6",SUM($G3:$H3)*$J$1/SUM($J$1:$V$1),IF($I3="GLD1+2+3",SUM($G3:$H3)*$J$1/SUM($J$1:$P$1),IF($I3="GLD1+2+3",SUM($G3:$H3)*$J$1/SUM($J$1:$P$1),IF($I3="GLD1+2",SUM($G3:$H3)*$J$1/SUM($J$1:$M$1),IF($I3="GLD1",SUM($G3:$H3),0))))) -> 0 | M3: =IF(E3="HL",0,IF($I3="GLD1+2+3+5+6",$F3*$M$1/SUM($J$1:$V$1),IF($I3="GLD1+2+3",$F3*$M$1/SUM($J$1:$P$1),IF($I3="GLD1+2",$F3*$M$1/SUM($J$1:$M$1),IF($I3="GLD2",$F3,0))))) -> 1.8181818 | N3: =IF(E3="HL",IF($I3="GLD1+2+3+5+6",$F3*$M$1/SUM($J$1:$V$1),IF($I3="GLD1+2+3",$F3*$M$1/SUM($J$1:$P$1),IF($I3="GLD1+2",$F3*$M$1/SUM($J$1:$M$1),IF($I3="GLD2",$F3,0)))),0) -> 0 | O3: =IF($I3="GLD1+2+3+5+6",SUM($G3:$H3)*$M$1/SUM($J$1:$V$1),IF($I3="GLD1+2+3",SUM($G3:$H3)*$M$1/SUM($J$1:$P$1),IF($I3="GLD1+2+3",SUM($G3:$H3)*$M$1/SUM($J$1:$P$1),IF($I3="GLD1+2",SUM($G3:$H3)*$M$1/SUM($J$1:$M$1),IF($I3="GLD2",SUM($G3:$H3),0))))) -> 0 | P3: =IF(E3="HL",0,IF($I3="GLD1+2+3+5+6",$F3*$P$1/SUM($J$1:$V$1),IF($I3="GLD3+5",$F3*$P$1/SUM($P$1:$S$1),IF($I3="GLD1+2",0,IF($I3="GLD3",$F3,0))))) -> 0.72727273 | Q3: =IF(E3="HL",IF($I3="GLD1+2+3+5+6",$F3*$P$1/SUM($J$1:$V$1),IF($I3="GLD3+5",$F3*$P$1/SUM($P$1:$S$1),IF($I3="GLD1+2",0,IF($I3="GLD3",$F3,0)))),0) -> 0 | R3: =IF($I3="GLD1+2+3+5+6",SUM($G3:$H3)*$P$1/SUM($J$1:$V$1),IF($I3="GLD3+5",SUM($G3:$H3)*$P$1/SUM($P$1:$S$1),IF($I3="GLD1+2",0,IF($I3="GLD3",SUM($G3:$H3),0)))) -> 0 | S3: =IF(E3="HL",0,IF($I3="GLD1+2+3+5+6",$F3*$S$1/SUM($J$1:$V$1),IF($I3="GLD3+5",$F3*$S$1/SUM($P$1:$S$1),IF($I3="GLD5",$F3,0)))) -> 0.90909091 | T3: =IF(E3="HL",IF($I3="GLD1+2+3+5+6",$F3*$S$1/SUM($J$1:$V$1),IF($I3="GLD3+5",$F3*$S$1/SUM($P$1:$S$1),IF($I3="GLD5",$F3,0))),0) -> 0 | U3: =IF($I3="GLD1+2+3+5+6",SUM($G3:$H3)*$S$1/SUM($J$1:$V$1),IF($I3="GLD3+5",SUM($G3:$H3)*$S$1/SUM($P$1:$S$1),IF($I3="GLD5",SUM($G3:$H3),0))) -> 0 | V3: =IF(E3="HL",0,IF($I3="GLD1+2+3+5+6",$F3*$V$1/SUM($J$1:$V$1),IF($I3="GLD6",$F3,0))) -> 0.90909091 | W3: =IF(E3="HL",IF($I3="GLD1+2+3+5+6",$F3*$V$1/SUM($J$1:$V$1),IF($I3="GLD6",$F3,0)),0) -> 0 | X3: =IF($I3="GLD1+2+3+5+6",SUM($G3:$H3)*$V$1/SUM($J$1:$V$1),IF($I3="GLD6",SUM($G3:$H3),0)) -> 0 | Y3: =IF(E3="HL",F3-(K3+N3+Q3+T3+W3),F3-(J3+M3+P3+S3+V3)) -> 0 | Z3: =IF(ABS(SUM(J3:X3)-(F3+G3+H3))>=1,"check","")
A4: =GLD!B23 -> General Affair | B4: =IF(OR(A4=0,LEFT(A4,2)="Mr",LEFT(A4,2)="Ms",LEFT(A4,3)="Sub",LEFT(A4,5)="Grand",RIGHT(A4,3)="by,"),"",IF(ISERROR(MATCH(A4,'Dept (不許動)'!$S:$S,0)),"NO","")) | C4: =IF(A4=0,"",IF(ISNA(VLOOKUP(A4,'Dept (不許動)'!$S:$V,2,0)),"",VLOOKUP(A4,'Dept (不許動)'!$S:$V,2,0))) -> IDL | D4: =IF(A4=0,"",IF(ISNA(VLOOKUP(A4,'Dept (不許動)'!$S:$V,3,0)),"",VLOOKUP(A4,'Dept (不許動)'!$S:$V,3,0))) -> IDL others | E4: =IF(A4=0,"",IF(ISNA(VLOOKUP(A4,'Dept (不許動)'!$S:$V,4,0)),"",VLOOKUP(A4,'Dept (不許動)'!$S:$V,4,0))) -> 0 | F4: =GLD!$BC23 -> 10 | G4: =GLD!$AT23 -> 0 | H4: =GLD!$AV23 -> 0 | I4: =IF($D4="Embordiary","GLD6",IF(ISNA(VLOOKUP(A4,'GLD分攤(Chad)'!$B$2:$E$572,3,0)),"",(VLOOKUP(A4,'GLD分攤(Chad)'!$B$9:$E$572,3,0)))) -> GLD1+2+3+5+6 | J4: =IF(E4="HL",0,IF($I4="GLD1+2+3+5+6",$F4*$J$1/SUM($J$1:$V$1),IF($I4="GLD1+2+3",$F4*$J$1/SUM($J$1:$P$1),IF($I4="GLD1+2",$F4*$J$1/SUM($J$1:$M$1),IF($I4="GLD1",$F4,0))))) -> 2.7272727 | K4: =IF(E4="HL",IF($I4="GLD1+2+3+5+6",$F4*$J$1/SUM($J$1:$V$1),IF($I4="GLD1+2+3",$F4*$J$1/SUM($J$1:$P$1),IF($I4="GLD1+2",$F4*$J$1/SUM($J$1:$M$1),IF($I4="GLD1",$F4,0)))),0) -> 0 | L4: =IF($I4="GLD1+2+3+5+6",SUM($G4:$H4)*$J$1/SUM($J$1:$V$1),IF($I4="GLD1+2+3",SUM($G4:$H4)*$J$1/SUM($J$1:$P$1),IF($I4="GLD1+2+3",SUM($G4:$H4)*$J$1/SUM($J$1:$P$1),IF($I4="GLD1+2",SUM($G4:$H4)*$J$1/SUM($J$1:$M$1),IF($I4="GLD1",SUM($G4:$H4),0))))) -> 0 | M4: =IF(E4="HL",0,IF($I4="GLD1+2+3+5+6",$F4*$M$1/SUM($J$1:$V$1),IF($I4="GLD1+2+3",$F4*$M$1/SUM($J$1:$P$1),IF($I4="GLD1+2",$F4*$M$1/SUM($J$1:$M$1),IF($I4="GLD2",$F4,0))))) -> 3.030303 | N4: =IF(E4="HL",IF($I4="GLD1+2+3+5+6",$F4*$M$1/SUM($J$1:$V$1),IF($I4="GLD1+2+3",$F4*$M$1/SUM($J$1:$P$1),IF($I4="GLD1+2",$F4*$M$1/SUM($J$1:$M$1),IF($I4="GLD2",$F4,0)))),0) -> 0 | O4: =IF($I4="GLD1+2+3+5+6",SUM($G4:$H4)*$M$1/SUM($J$1:$V$1),IF($I4="GLD1+2+3",SUM($G4:$H4)*$M$1/SUM($J$1:$P$1),IF($I4="GLD1+2+3",SUM($G4:$H4)*$M$1/SUM($J$1:$P$1),IF($I4="GLD1+2",SUM($G4:$H4)*$M$1/SUM($J$1:$M$1),IF($I4="GLD2",SUM($G4:$H4),0))))) -> 0 | P4: =IF(E4="HL",0,IF($I4="GLD1+2+3+5+6",$F4*$P$1/SUM($J$1:$V$1),IF($I4="GLD3+5",$F4*$P$1/SUM($P$1:$S$1),IF($I4="GLD1+2",0,IF($I4="GLD3",$F4,0))))) -> 1.2121212 | Q4: =IF(E4="HL",IF($I4="GLD1+2+3+5+6",$F4*$P$1/SUM($J$1:$V$1),IF($I4="GLD3+5",$F4*$P$1/SUM($P$1:$S$1),IF($I4="GLD1+2",0,IF($I4="GLD3",$F4,0)))),0) -> 0 | R4: =IF($I4="GLD1+2+3+5+6",SUM($G4:$H4)*$P$1/SUM($J$1:$V$1),IF($I4="GLD3+5",SUM($G4:$H4)*$P$1/SUM($P$1:$S$1),IF($I4="GLD1+2",0,IF($I4="GLD3",SUM($G4:$H4),0)))) -> 0 | S4: =IF(E4="HL",0,IF($I4="GLD1+2+3+5+6",$F4*$S$1/SUM($J$1:$V$1),IF($I4="GLD3+5",$F4*$S$1/SUM($P$1:$S$1),IF($I4="GLD5",$F4,0)))) -> 1.5151515 | T4: =IF(E4="HL",IF($I4="GLD1+2+3+5+6",$F4*$S$1/SUM($J$1:$V$1),IF($I4="GLD3+5",$F4*$S$1/SUM($P$1:$S$1),IF($I4="GLD5",$F4,0))),0) -> 0 | U4: =IF($I4="GLD1+2+3+5+6",SUM($G4:$H4)*$S$1/SUM($J$1:$V$1),IF($I4="GLD3+5",SUM($G4:$H4)*$S$1/SUM($P$1:$S$1),IF($I4="GLD5",SUM($G4:$H4),0))) -> 0 | V4: =IF(E4="HL",0,IF($I4="GLD1+2+3+5+6",$F4*$V$1/SUM($J$1:$V$1),IF($I4="GLD6",$F4,0))) -> 1.5151515 | W4: =IF(E4="HL",IF($I4="GLD1+2+3+5+6",$F4*$V$1/SUM($J$1:$V$1),IF($I4="GLD6",$F4,0)),0) -> 0 | X4: =IF($I4="GLD1+2+3+5+6",SUM($G4:$H4)*$V$1/SUM($J$1:$V$1),IF($I4="GLD6",SUM($G4:$H4),0)) -> 0 | Y4: =IF(E4="HL",F4-(K4+N4+Q4+T4+W4),F4-(J4+M4+P4+S4+V4)) -> 0 | Z4: =IF(ABS(SUM(J4:X4)-(F4+G4+H4))>=1,"check","")
A5: =GLD!B24 -> Cleaning Cervice | B5: =IF(OR(A5=0,LEFT(A5,2)="Mr",LEFT(A5,2)="Ms",LEFT(A5,3)="Sub",LEFT(A5,5)="Grand",RIGHT(A5,3)="by,"),"",IF(ISERROR(MATCH(A5,'Dept (不許動)'!$S:$S,0)),"NO","")) | C5: =IF(A5=0,"",IF(ISNA(VLOOKUP(A5,'Dept (不許動)'!$S:$V,2,0)),"",VLOOKUP(A5,'Dept (不許動)'!$S:$V,2,0))) -> IDL | D5: =IF(A5=0,"",IF(ISNA(VLOOKUP(A5,'Dept (不許動)'!$S:$V,3,0)),"",VLOOKUP(A5,'Dept (不許動)'!$S:$V,3,0))) -> IDL others | E5: =IF(A5=0,"",IF(ISNA(VLOOKUP(A5,'Dept (不許動)'!$S:$V,4,0)),"",VLOOKUP(A5,'Dept (不許動)'!$S:$V,4,0))) -> 0 | F5: =GLD!$BC24 -> 8 | G5: =GLD!$AT24 -> 0 | H5: =GLD!$AV24 -> 0 | I5: =IF($D5="Embordiary","GLD6",IF(ISNA(VLOOKUP(A5,'GLD分攤(Chad)'!$B$2:$E$572,3,0)),"",(VLOOKUP(A5,'GLD分攤(Chad)'!$B$9:$E$572,3,0)))) -> GLD1 | J5: =IF(E5="HL",0,IF($I5="GLD1+2+3+5+6",$F5*$J$1/SUM($J$1:$V$1),IF($I5="GLD1+2+3",$F5*$J$1/SUM($J$1:$P$1),IF($I5="GLD1+2",$F5*$J$1/SUM($J$1:$M$1),IF($I5="GLD1",$F5,0))))) -> 8 | K5: =IF(E5="HL",IF($I5="GLD1+2+3+5+6",$F5*$J$1/SUM($J$1:$V$1),IF($I5="GLD1+2+3",$F5*$J$1/SUM($J$1:$P$1),IF($I5="GLD1+2",$F5*$J$1/SUM($J$1:$M$1),IF($I5="GLD1",$F5,0)))),0) -> 0 | L5: =IF($I5="GLD1+2+3+5+6",SUM($G5:$H5)*$J$1/SUM($J$1:$V$1),IF($I5="GLD1+2+3",SUM($G5:$H5)*$J$1/SUM($J$1:$P$1),IF($I5="GLD1+2+3",SUM($G5:$H5)*$J$1/SUM($J$1:$P$1),IF($I5="GLD1+2",SUM($G5:$H5)*$J$1/SUM($J$1:$M$1),IF($I5="GLD1",SUM($G5:$H5),0))))) -> 0 | M5: =IF(E5="HL",0,IF($I5="GLD1+2+3+5+6",$F5*$M$1/SUM($J$1:$V$1),IF($I5="GLD1+2+3",$F5*$M$1/SUM($J$1:$P$1),IF($I5="GLD1+2",$F5*$M$1/SUM($J$1:$M$1),IF($I5="GLD2",$F5,0))))) -> 0 | N5: =IF(E5="HL",IF($I5="GLD1+2+3+5+6",$F5*$M$1/SUM($J$1:$V$1),IF($I5="GLD1+2+3",$F5*$M$1/SUM($J$1:$P$1),IF($I5="GLD1+2",$F5*$M$1/SUM($J$1:$M$1),IF($I5="GLD2",$F5,0)))),0) -> 0 | O5: =IF($I5="GLD1+2+3+5+6",SUM($G5:$H5)*$M$1/SUM($J$1:$V$1),IF($I5="GLD1+2+3",SUM($G5:$H5)*$M$1/SUM($J$1:$P$1),IF($I5="GLD1+2+3",SUM($G5:$H5)*$M$1/SUM($J$1:$P$1),IF($I5="GLD1+2",SUM($G5:$H5)*$M$1/SUM($J$1:$M$1),IF($I5="GLD2",SUM($G5:$H5),0))))) -> 0 | P5: =IF(E5="HL",0,IF($I5="GLD1+2+3+5+6",$F5*$P$1/SUM($J$1:$V$1),IF($I5="GLD3+5",$F5*$P$1/SUM($P$1:$S$1),IF($I5="GLD1+2",0,IF($I5="GLD3",$F5,0))))) -> 0 | Q5: =IF(E5="HL",IF($I5="GLD1+2+3+5+6",$F5*$P$1/SUM($J$1:$V$1),IF($I5="GLD3+5",$F5*$P$1/SUM($P$1:$S$1),IF($I5="GLD1+2",0,IF($I5="GLD3",$F5,0)))),0) -> 0 | R5: =IF($I5="GLD1+2+3+5+6",SUM($G5:$H5)*$P$1/SUM($J$1:$V$1),IF($I5="GLD3+5",SUM($G5:$H5)*$P$1/SUM($P$1:$S$1),IF($I5="GLD1+2",0,IF($I5="GLD3",SUM($G5:$H5),0)))) -> 0 | S5: =IF(E5="HL",0,IF($I5="GLD1+2+3+5+6",$F5*$S$1/SUM($J$1:$V$1),IF($I5="GLD3+5",$F5*$S$1/SUM($P$1:$S$1),IF($I5="GLD5",$F5,0)))) -> 0 | T5: =IF(E5="HL",IF($I5="GLD1+2+3+5+6",$F5*$S$1/SUM($J$1:$V$1),IF($I5="GLD3+5",$F5*$S$1/SUM($P$1:$S$1),IF($I5="GLD5",$F5,0))),0) -> 0 | U5: =IF($I5="GLD1+2+3+5+6",SUM($G5:$H5)*$S$1/SUM($J$1:$V$1),IF($I5="GLD3+5",SUM($G5:$H5)*$S$1/SUM($P$1:$S$1),IF($I5="GLD5",SUM($G5:$H5),0))) -> 0 | V5: =IF(E5="HL",0,IF($I5="GLD1+2+3+5+6",$F5*$V$1/SUM($J$1:$V$1),IF($I5="GLD6",$F5,0))) -> 0 | W5: =IF(E5="HL",IF($I5="GLD1+2+3+5+6",$F5*$V$1/SUM($J$1:$V$1),IF($I5="GLD6",$F5,0)),0) -> 0 | X5: =IF($I5="GLD1+2+3+5+6",SUM($G5:$H5)*$V$1/SUM($J$1:$V$1),IF($I5="GLD6",SUM($G5:$H5),0)) -> 0 | Y5: =IF(E5="HL",F5-(K5+N5+Q5+T5+W5),F5-(J5+M5+P5+S5+V5)) -> 0 | Z5: =IF(ABS(SUM(J5:X5)-(F5+G5+H5))>=1,"check","")
A6: =GLD!B25 -> Cleaning Cervice - 2 | B6: =IF(OR(A6=0,LEFT(A6,2)="Mr",LEFT(A6,2)="Ms",LEFT(A6,3)="Sub",LEFT(A6,5)="Grand",RIGHT(A6,3)="by,"),"",IF(ISERROR(MATCH(A6,'Dept (不許動)'!$S:$S,0)),"NO","")) | C6: =IF(A6=0,"",IF(ISNA(VLOOKUP(A6,'Dept (不許動)'!$S:$V,2,0)),"",VLOOKUP(A6,'Dept (不許動)'!$S:$V,2,0))) -> IDL | D6: =IF(A6=0,"",IF(ISNA(VLOOKUP(A6,'Dept (不許動)'!$S:$V,3,0)),"",VLOOKUP(A6,'Dept (不許動)'!$S:$V,3,0))) -> IDL others | E6: =IF(A6=0,"",IF(ISNA(VLOOKUP(A6,'Dept (不許動)'!$S:$V,4,0)),"",VLOOKUP(A6,'Dept (不許動)'!$S:$V,4,0))) -> 0 | F6: =GLD!$BC25 -> 5 | G6: =GLD!$AT25 -> 0 | H6: =GLD!$AV25 -> 0 | I6: =IF($D6="Embordiary","GLD6",IF(ISNA(VLOOKUP(A6,'GLD分攤(Chad)'!$B$2:$E$572,3,0)),"",(VLOOKUP(A6,'GLD分攤(Chad)'!$B$9:$E$572,3,0)))) -> GLD2 | J6: =IF(E6="HL",0,IF($I6="GLD1+2+3+5+6",$F6*$J$1/SUM($J$1:$V$1),IF($I6="GLD1+2+3",$F6*$J$1/SUM($J$1:$P$1),IF($I6="GLD1+2",$F6*$J$1/SUM($J$1:$M$1),IF($I6="GLD1",$F6,0))))) -> 0 | K6: =IF(E6="HL",IF($I6="GLD1+2+3+5+6",$F6*$J$1/SUM($J$1:$V$1),IF($I6="GLD1+2+3",$F6*$J$1/SUM($J$1:$P$1),IF($I6="GLD1+2",$F6*$J$1/SUM($J$1:$M$1),IF($I6="GLD1",$F6,0)))),0) -> 0 | L6: =IF($I6="GLD1+2+3+5+6",SUM($G6:$H6)*$J$1/SUM($J$1:$V$1),IF($I6="GLD1+2+3",SUM($G6:$H6)*$J$1/SUM($J$1:$P$1),IF($I6="GLD1+2+3",SUM($G6:$H6)*$J$1/SUM($J$1:$P$1),IF($I6="GLD1+2",SUM($G6:$H6)*$J$1/SUM($J$1:$M$1),IF($I6="GLD1",SUM($G6:$H6),0))))) -> 0 | M6: =IF(E6="HL",0,IF($I6="GLD1+2+3+5+6",$F6*$M$1/SUM($J$1:$V$1),IF($I6="GLD1+2+3",$F6*$M$1/SUM($J$1:$P$1),IF($I6="GLD1+2",$F6*$M$1/SUM($J$1:$M$1),IF($I6="GLD2",$F6,0))))) -> 5 | N6: =IF(E6="HL",IF($I6="GLD1+2+3+5+6",$F6*$M$1/SUM($J$1:$V$1),IF($I6="GLD1+2+3",$F6*$M$1/SUM($J$1:$P$1),IF($I6="GLD1+2",$F6*$M$1/SUM($J$1:$M$1),IF($I6="GLD2",$F6,0)))),0) -> 0 | O6: =IF($I6="GLD1+2+3+5+6",SUM($G6:$H6)*$M$1/SUM($J$1:$V$1),IF($I6="GLD1+2+3",SUM($G6:$H6)*$M$1/SUM($J$1:$P$1),IF($I6="GLD1+2+3",SUM($G6:$H6)*$M$1/SUM($J$1:$P$1),IF($I6="GLD1+2",SUM($G6:$H6)*$M$1/SUM($J$1:$M$1),IF($I6="GLD2",SUM($G6:$H6),0))))) -> 0 | P6: =IF(E6="HL",0,IF($I6="GLD1+2+3+5+6",$F6*$P$1/SUM($J$1:$V$1),IF($I6="GLD3+5",$F6*$P$1/SUM($P$1:$S$1),IF($I6="GLD1+2",0,IF($I6="GLD3",$F6,0))))) -> 0 | Q6: =IF(E6="HL",IF($I6="GLD1+2+3+5+6",$F6*$P$1/SUM($J$1:$V$1),IF($I6="GLD3+5",$F6*$P$1/SUM($P$1:$S$1),IF($I6="GLD1+2",0,IF($I6="GLD3",$F6,0)))),0) -> 0 | R6: =IF($I6="GLD1+2+3+5+6",SUM($G6:$H6)*$P$1/SUM($J$1:$V$1),IF($I6="GLD3+5",SUM($G6:$H6)*$P$1/SUM($P$1:$S$1),IF($I6="GLD1+2",0,IF($I6="GLD3",SUM($G6:$H6),0)))) -> 0 | S6: =IF(E6="HL",0,IF($I6="GLD1+2+3+5+6",$F6*$S$1/SUM($J$1:$V$1),IF($I6="GLD3+5",$F6*$S$1/SUM($P$1:$S$1),IF($I6="GLD5",$F6,0)))) -> 0 | T6: =IF(E6="HL",IF($I6="GLD1+2+3+5+6",$F6*$S$1/SUM($J$1:$V$1),IF($I6="GLD3+5",$F6*$S$1/SUM($P$1:$S$1),IF($I6="GLD5",$F6,0))),0) -> 0 | U6: =IF($I6="GLD1+2+3+5+6",SUM($G6:$H6)*$S$1/SUM($J$1:$V$1),IF($I6="GLD3+5",SUM($G6:$H6)*$S$1/SUM($P$1:$S$1),IF($I6="GLD5",SUM($G6:$H6),0))) -> 0 | V6: =IF(E6="HL",0,IF($I6="GLD1+2+3+5+6",$F6*$V$1/SUM($J$1:$V$1),IF($I6="GLD6",$F6,0))) -> 0 | W6: =IF(E6="HL",IF($I6="GLD1+2+3+5+6",$F6*$V$1/SUM($J$1:$V$1),IF($I6="GLD6",$F6,0)),0) -> 0 | X6: =IF($I6="GLD1+2+3+5+6",SUM($G6:$H6)*$V$1/SUM($J$1:$V$1),IF($I6="GLD6",SUM($G6:$H6),0)) -> 0 | Y6: =IF(E6="HL",F6-(K6+N6+Q6+T6+W6),F6-(J6+M6+P6+S6+V6)) -> 0 | Z6: =IF(ABS(SUM(J6:X6)-(F6+G6+H6))>=1,"check","")
A7: =GLD!B26 -> Cleaning Cervice - 3 | B7: =IF(OR(A7=0,LEFT(A7,2)="Mr",LEFT(A7,2)="Ms",LEFT(A7,3)="Sub",LEFT(A7,5)="Grand",RIGHT(A7,3)="by,"),"",IF(ISERROR(MATCH(A7,'Dept (不許動)'!$S:$S,0)),"NO","")) | C7: =IF(A7=0,"",IF(ISNA(VLOOKUP(A7,'Dept (不許動)'!$S:$V,2,0)),"",VLOOKUP(A7,'Dept (不許動)'!$S:$V,2,0))) -> IDL | D7: =IF(A7=0,"",IF(ISNA(VLOOKUP(A7,'Dept (不許動)'!$S:$V,3,0)),"",VLOOKUP(A7,'Dept (不許動)'!$S:$V,3,0))) -> IDL others | E7: =IF(A7=0,"",IF(ISNA(VLOOKUP(A7,'Dept (不許動)'!$S:$V,4,0)),"",VLOOKUP(A7,'Dept (不許動)'!$S:$V,4,0))) -> 0 | F7: =GLD!$BC26 -> 4 | G7: =GLD!$AT26 -> 0 | H7: =GLD!$AV26 -> 0 | I7: =IF($D7="Embordiary","GLD6",IF(ISNA(VLOOKUP(A7,'GLD分攤(Chad)'!$B$2:$E$572,3,0)),"",(VLOOKUP(A7,'GLD分攤(Chad)'!$B$9:$E$572,3,0)))) -> GLD3 | J7: =IF(E7="HL",0,IF($I7="GLD1+2+3+5+6",$F7*$J$1/SUM($J$1:$V$1),IF($I7="GLD1+2+3",$F7*$J$1/SUM($J$1:$P$1),IF($I7="GLD1+2",$F7*$J$1/SUM($J$1:$M$1),IF($I7="GLD1",$F7,0))))) -> 0 | K7: =IF(E7="HL",IF($I7="GLD1+2+3+5+6",$F7*$J$1/SUM($J$1:$V$1),IF($I7="GLD1+2+3",$F7*$J$1/SUM($J$1:$P$1),IF($I7="GLD1+2",$F7*$J$1/SUM($J$1:$M$1),IF($I7="GLD1",$F7,0)))),0) -> 0 | L7: =IF($I7="GLD1+2+3+5+6",SUM($G7:$H7)*$J$1/SUM($J$1:$V$1),IF($I7="GLD1+2+3",SUM($G7:$H7)*$J$1/SUM($J$1:$P$1),IF($I7="GLD1+2+3",SUM($G7:$H7)*$J$1/SUM($J$1:$P$1),IF($I7="GLD1+2",SUM($G7:$H7)*$J$1/SUM($J$1:$M$1),IF($I7="GLD1",SUM($G7:$H7),0))))) -> 0 | M7: =IF(E7="HL",0,IF($I7="GLD1+2+3+5+6",$F7*$M$1/SUM($J$1:$V$1),IF($I7="GLD1+2+3",$F7*$M$1/SUM($J$1:$P$1),IF($I7="GLD1+2",$F7*$M$1/SUM($J$1:$M$1),IF($I7="GLD2",$F7,0))))) -> 0 | N7: =IF(E7="HL",IF($I7="GLD1+2+3+5+6",$F7*$M$1/SUM($J$1:$V$1),IF($I7="GLD1+2+3",$F7*$M$1/SUM($J$1:$P$1),IF($I7="GLD1+2",$F7*$M$1/SUM($J$1:$M$1),IF($I7="GLD2",$F7,0)))),0) -> 0 | O7: =IF($I7="GLD1+2+3+5+6",SUM($G7:$H7)*$M$1/SUM($J$1:$V$1),IF($I7="GLD1+2+3",SUM($G7:$H7)*$M$1/SUM($J$1:$P$1),IF($I7="GLD1+2+3",SUM($G7:$H7)*$M$1/SUM($J$1:$P$1),IF($I7="GLD1+2",SUM($G7:$H7)*$M$1/SUM($J$1:$M$1),IF($I7="GLD2",SUM($G7:$H7),0))))) -> 0 | P7: =IF(E7="HL",0,IF($I7="GLD1+2+3+5+6",$F7*$P$1/SUM($J$1:$V$1),IF($I7="GLD3+5",$F7*$P$1/SUM($P$1:$S$1),IF($I7="GLD1+2",0,IF($I7="GLD3",$F7,0))))) -> 4 | Q7: =IF(E7="HL",IF($I7="GLD1+2+3+5+6",$F7*$P$1/SUM($J$1:$V$1),IF($I7="GLD3+5",$F7*$P$1/SUM($P$1:$S$1),IF($I7="GLD1+2",0,IF($I7="GLD3",$F7,0)))),0) -> 0 | R7: =IF($I7="GLD1+2+3+5+6",SUM($G7:$H7)*$P$1/SUM($J$1:$V$1),IF($I7="GLD3+5",SUM($G7:$H7)*$P$1/SUM($P$1:$S$1),IF($I7="GLD1+2",0,IF($I7="GLD3",SUM($G7:$H7),0)))) -> 0 | S7: =IF(E7="HL",0,IF($I7="GLD1+2+3+5+6",$F7*$S$1/SUM($J$1:$V$1),IF($I7="GLD3+5",$F7*$S$1/SUM($P$1:$S$1),IF($I7="GLD5",$F7,0)))) -> 0 | T7: =IF(E7="HL",IF($I7="GLD1+2+3+5+6",$F7*$S$1/SUM($J$1:$V$1),IF($I7="GLD3+5",$F7*$S$1/SUM($P$1:$S$1),IF($I7="GLD5",$F7,0))),0) -> 0 | U7: =IF($I7="GLD1+2+3+5+6",SUM($G7:$H7)*$S$1/SUM($J$1:$V$1),IF($I7="GLD3+5",SUM($G7:$H7)*$S$1/SUM($P$1:$S$1),IF($I7="GLD5",SUM($G7:$H7),0))) -> 0 | V7: =IF(E7="HL",0,IF($I7="GLD1+2+3+5+6",$F7*$V$1/SUM($J$1:$V$1),IF($I7="GLD6",$F7,0))) -> 0 | W7: =IF(E7="HL",IF($I7="GLD1+2+3+5+6",$F7*$V$1/SUM($J$1:$V$1),IF($I7="GLD6",$F7,0)),0) -> 0 | X7: =IF($I7="GLD1+2+3+5+6",SUM($G7:$H7)*$V$1/SUM($J$1:$V$1),IF($I7="GLD6",SUM($G7:$H7),0)) -> 0 | Y7: =IF(E7="HL",F7-(K7+N7+Q7+T7+W7),F7-(J7+M7+P7+S7+V7)) -> 0 | Z7: =IF(ABS(SUM(J7:X7)-(F7+G7+H7))>=1,"check","")
A8: =GLD!B27 -> Cleaning Cervice - 5 | B8: =IF(OR(A8=0,LEFT(A8,2)="Mr",LEFT(A8,2)="Ms",LEFT(A8,3)="Sub",LEFT(A8,5)="Grand",RIGHT(A8,3)="by,"),"",IF(ISERROR(MATCH(A8,'Dept (不許動)'!$S:$S,0)),"NO","")) | C8: =IF(A8=0,"",IF(ISNA(VLOOKUP(A8,'Dept (不許動)'!$S:$V,2,0)),"",VLOOKUP(A8,'Dept (不許動)'!$S:$V,2,0))) -> IDL | D8: =IF(A8=0,"",IF(ISNA(VLOOKUP(A8,'Dept (不許動)'!$S:$V,3,0)),"",VLOOKUP(A8,'Dept (不許動)'!$S:$V,3,0))) -> IDL others | E8: =IF(A8=0,"",IF(ISNA(VLOOKUP(A8,'Dept (不許動)'!$S:$V,4,0)),"",VLOOKUP(A8,'Dept (不許動)'!$S:$V,4,0))) -> 0 | F8: =GLD!$BC27 -> 6 | G8: =GLD!$AT27 -> 0 | H8: =GLD!$AV27 -> 0 | I8: =IF($D8="Embordiary","GLD6",IF(ISNA(VLOOKUP(A8,'GLD分攤(Chad)'!$B$2:$E$572,3,0)),"",(VLOOKUP(A8,'GLD分攤(Chad)'!$B$9:$E$572,3,0)))) -> GLD5 | J8: =IF(E8="HL",0,IF($I8="GLD1+2+3+5+6",$F8*$J$1/SUM($J$1:$V$1),IF($I8="GLD1+2+3",$F8*$J$1/SUM($J$1:$P$1),IF($I8="GLD1+2",$F8*$J$1/SUM($J$1:$M$1),IF($I8="GLD1",$F8,0))))) -> 0 | K8: =IF(E8="HL",IF($I8="GLD1+2+3+5+6",$F8*$J$1/SUM($J$1:$V$1),IF($I8="GLD1+2+3",$F8*$J$1/SUM($J$1:$P$1),IF($I8="GLD1+2",$F8*$J$1/SUM($J$1:$M$1),IF($I8="GLD1",$F8,0)))),0) -> 0 | L8: =IF($I8="GLD1+2+3+5+6",SUM($G8:$H8)*$J$1/SUM($J$1:$V$1),IF($I8="GLD1+2+3",SUM($G8:$H8)*$J$1/SUM($J$1:$P$1),IF($I8="GLD1+2+3",SUM($G8:$H8)*$J$1/SUM($J$1:$P$1),IF($I8="GLD1+2",SUM($G8:$H8)*$J$1/SUM($J$1:$M$1),IF($I8="GLD1",SUM($G8:$H8),0))))) -> 0 | M8: =IF(E8="HL",0,IF($I8="GLD1+2+3+5+6",$F8*$M$1/SUM($J$1:$V$1),IF($I8="GLD1+2+3",$F8*$M$1/SUM($J$1:$P$1),IF($I8="GLD1+2",$F8*$M$1/SUM($J$1:$M$1),IF($I8="GLD2",$F8,0))))) -> 0 | N8: =IF(E8="HL",IF($I8="GLD1+2+3+5+6",$F8*$M$1/SUM($J$1:$V$1),IF($I8="GLD1+2+3",$F8*$M$1/SUM($J$1:$P$1),IF($I8="GLD1+2",$F8*$M$1/SUM($J$1:$M$1),IF($I8="GLD2",$F8,0)))),0) -> 0 | O8: =IF($I8="GLD1+2+3+5+6",SUM($G8:$H8)*$M$1/SUM($J$1:$V$1),IF($I8="GLD1+2+3",SUM($G8:$H8)*$M$1/SUM($J$1:$P$1),IF($I8="GLD1+2+3",SUM($G8:$H8)*$M$1/SUM($J$1:$P$1),IF($I8="GLD1+2",SUM($G8:$H8)*$M$1/SUM($J$1:$M$1),IF($I8="GLD2",SUM($G8:$H8),0))))) -> 0 | P8: =IF(E8="HL",0,IF($I8="GLD1+2+3+5+6",$F8*$P$1/SUM($J$1:$V$1),IF($I8="GLD3+5",$F8*$P$1/SUM($P$1:$S$1),IF($I8="GLD1+2",0,IF($I8="GLD3",$F8,0))))) -> 0 | Q8: =IF(E8="HL",IF($I8="GLD1+2+3+5+6",$F8*$P$1/SUM($J$1:$V$1),IF($I8="GLD3+5",$F8*$P$1/SUM($P$1:$S$1),IF($I8="GLD1+2",0,IF($I8="GLD3",$F8,0)))),0) -> 0 | R8: =IF($I8="GLD1+2+3+5+6",SUM($G8:$H8)*$P$1/SUM($J$1:$V$1),IF($I8="GLD3+5",SUM($G8:$H8)*$P$1/SUM($P$1:$S$1),IF($I8="GLD1+2",0,IF($I8="GLD3",SUM($G8:$H8),0)))) -> 0 | S8: =IF(E8="HL",0,IF($I8="GLD1+2+3+5+6",$F8*$S$1/SUM($J$1:$V$1),IF($I8="GLD3+5",$F8*$S$1/SUM($P$1:$S$1),IF($I8="GLD5",$F8,0)))) -> 6 | T8: =IF(E8="HL",IF($I8="GLD1+2+3+5+6",$F8*$S$1/SUM($J$1:$V$1),IF($I8="GLD3+5",$F8*$S$1/SUM($P$1:$S$1),IF($I8="GLD5",$F8,0))),0) -> 0 | U8: =IF($I8="GLD1+2+3+5+6",SUM($G8:$H8)*$S$1/SUM($J$1:$V$1),IF($I8="GLD3+5",SUM($G8:$H8)*$S$1/SUM($P$1:$S$1),IF($I8="GLD5",SUM($G8:$H8),0))) -> 0 | V8: =IF(E8="HL",0,IF($I8="GLD1+2+3+5+6",$F8*$V$1/SUM($J$1:$V$1),IF($I8="GLD6",$F8,0))) -> 0 | W8: =IF(E8="HL",IF($I8="GLD1+2+3+5+6",$F8*$V$1/SUM($J$1:$V$1),IF($I8="GLD6",$F8,0)),0) -> 0 | X8: =IF($I8="GLD1+2+3+5+6",SUM($G8:$H8)*$V$1/SUM($J$1:$V$1),IF($I8="GLD6",SUM($G8:$H8),0)) -> 0 | Y8: =IF(E8="HL",F8-(K8+N8+Q8+T8+W8),F8-(J8+M8+P8+S8+V8)) -> 0 | Z8: =IF(ABS(SUM(J8:X8)-(F8+G8+H8))>=1,"check","")
A9: =GLD!B28 -> Cleaning Cervice - 6 | B9: =IF(OR(A9=0,LEFT(A9,2)="Mr",LEFT(A9,2)="Ms",LEFT(A9,3)="Sub",LEFT(A9,5)="Grand",RIGHT(A9,3)="by,"),"",IF(ISERROR(MATCH(A9,'Dept (不許動)'!$S:$S,0)),"NO","")) | C9: =IF(A9=0,"",IF(ISNA(VLOOKUP(A9,'Dept (不許動)'!$S:$V,2,0)),"",VLOOKUP(A9,'Dept (不許動)'!$S:$V,2,0))) -> IDL | D9: =IF(A9=0,"",IF(ISNA(VLOOKUP(A9,'Dept (不許動)'!$S:$V,3,0)),"",VLOOKUP(A9,'Dept (不許動)'!$S:$V,3,0))) -> IDL others | E9: =IF(A9=0,"",IF(ISNA(VLOOKUP(A9,'Dept (不許動)'!$S:$V,4,0)),"",VLOOKUP(A9,'Dept (不許動)'!$S:$V,4,0))) -> 0 | F9: =GLD!$BC28 -> 4 | G9: =GLD!$AT28 -> 0 | H9: =GLD!$AV28 -> 0 | I9: =IF($D9="Embordiary","GLD6",IF(ISNA(VLOOKUP(A9,'GLD分攤(Chad)'!$B$2:$E$572,3,0)),"",(VLOOKUP(A9,'GLD分攤(Chad)'!$B$9:$E$572,3,0)))) -> GLD6 | J9: =IF(E9="HL",0,IF($I9="GLD1+2+3+5+6",$F9*$J$1/SUM($J$1:$V$1),IF($I9="GLD1+2+3",$F9*$J$1/SUM($J$1:$P$1),IF($I9="GLD1+2",$F9*$J$1/SUM($J$1:$M$1),IF($I9="GLD1",$F9,0))))) -> 0 | K9: =IF(E9="HL",IF($I9="GLD1+2+3+5+6",$F9*$J$1/SUM($J$1:$V$1),IF($I9="GLD1+2+3",$F9*$J$1/SUM($J$1:$P$1),IF($I9="GLD1+2",$F9*$J$1/SUM($J$1:$M$1),IF($I9="GLD1",$F9,0)))),0) -> 0 | L9: =IF($I9="GLD1+2+3+5+6",SUM($G9:$H9)*$J$1/SUM($J$1:$V$1),IF($I9="GLD1+2+3",SUM($G9:$H9)*$J$1/SUM($J$1:$P$1),IF($I9="GLD1+2+3",SUM($G9:$H9)*$J$1/SUM($J$1:$P$1),IF($I9="GLD1+2",SUM($G9:$H9)*$J$1/SUM($J$1:$M$1),IF($I9="GLD1",SUM($G9:$H9),0))))) -> 0 | M9: =IF(E9="HL",0,IF($I9="GLD1+2+3+5+6",$F9*$M$1/SUM($J$1:$V$1),IF($I9="GLD1+2+3",$F9*$M$1/SUM($J$1:$P$1),IF($I9="GLD1+2",$F9*$M$1/SUM($J$1:$M$1),IF($I9="GLD2",$F9,0))))) -> 0 | N9: =IF(E9="HL",IF($I9="GLD1+2+3+5+6",$F9*$M$1/SUM($J$1:$V$1),IF($I9="GLD1+2+3",$F9*$M$1/SUM($J$1:$P$1),IF($I9="GLD1+2",$F9*$M$1/SUM($J$1:$M$1),IF($I9="GLD2",$F9,0)))),0) -> 0 | O9: =IF($I9="GLD1+2+3+5+6",SUM($G9:$H9)*$M$1/SUM($J$1:$V$1),IF($I9="GLD1+2+3",SUM($G9:$H9)*$M$1/SUM($J$1:$P$1),IF($I9="GLD1+2+3",SUM($G9:$H9)*$M$1/SUM($J$1:$P$1),IF($I9="GLD1+2",SUM($G9:$H9)*$M$1/SUM($J$1:$M$1),IF($I9="GLD2",SUM($G9:$H9),0))))) -> 0 | P9: =IF(E9="HL",0,IF($I9="GLD1+2+3+5+6",$F9*$P$1/SUM($J$1:$V$1),IF($I9="GLD3+5",$F9*$P$1/SUM($P$1:$S$1),IF($I9="GLD1+2",0,IF($I9="GLD3",$F9,0))))) -> 0 | Q9: =IF(E9="HL",IF($I9="GLD1+2+3+5+6",$F9*$P$1/SUM($J$1:$V$1),IF($I9="GLD3+5",$F9*$P$1/SUM($P$1:$S$1),IF($I9="GLD1+2",0,IF($I9="GLD3",$F9,0)))),0) -> 0 | R9: =IF($I9="GLD1+2+3+5+6",SUM($G9:$H9)*$P$1/SUM($J$1:$V$1),IF($I9="GLD3+5",SUM($G9:$H9)*$P$1/SUM($P$1:$S$1),IF($I9="GLD1+2",0,IF($I9="GLD3",SUM($G9:$H9),0)))) -> 0 | S9: =IF(E9="HL",0,IF($I9="GLD1+2+3+5+6",$F9*$S$1/SUM($J$1:$V$1),IF($I9="GLD3+5",$F9*$S$1/SUM($P$1:$S$1),IF($I9="GLD5",$F9,0)))) -> 0 | T9: =IF(E9="HL",IF($I9="GLD1+2+3+5+6",$F9*$S$1/SUM($J$1:$V$1),IF($I9="GLD3+5",$F9*$S$1/SUM($P$1:$S$1),IF($I9="GLD5",$F9,0))),0) -> 0 | U9: =IF($I9="GLD1+2+3+5+6",SUM($G9:$H9)*$S$1/SUM($J$1:$V$1),IF($I9="GLD3+5",SUM($G9:$H9)*$S$1/SUM($P$1:$S$1),IF($I9="GLD5",SUM($G9:$H9),0))) -> 0 | V9: =IF(E9="HL",0,IF($I9="GLD1+2+3+5+6",$F9*$V$1/SUM($J$1:$V$1),IF($I9="GLD6",$F9,0))) -> 4 | W9: =IF(E9="HL",IF($I9="GLD1+2+3+5+6",$F9*$V$1/SUM($J$1:$V$1),IF($I9="GLD6",$F9,0)),0) -> 0 | X9: =IF($I9="GLD1+2+3+5+6",SUM($G9:$H9)*$V$1/SUM($J$1:$V$1),IF($I9="GLD6",SUM($G9:$H9),0)) -> 0 | Y9: =IF(E9="HL",F9-(K9+N9+Q9+T9+W9),F9-(J9+M9+P9+S9+V9)) -> 0 | Z9: =IF(ABS(SUM(J9:X9)-(F9+G9+H9))>=1,"check","")
A10: =GLD!B29 -> HRD(Personnel/Payroll) | B10: =IF(OR(A10=0,LEFT(A10,2)="Mr",LEFT(A10,2)="Ms",LEFT(A10,3)="Sub",LEFT(A10,5)="Grand",RIGHT(A10,3)="by,"),"",IF(ISERROR(MATCH(A10,'Dept (不許動)'!$S:$S,0)),"NO","")) | C10: =IF(A10=0,"",IF(ISNA(VLOOKUP(A10,'Dept (不許動)'!$S:$V,2,0)),"",VLOOKUP(A10,'Dept (不許動)'!$S:$V,2,0))) -> IDL | D10: =IF(A10=0,"",IF(ISNA(VLOOKUP(A10,'Dept (不許動)'!$S:$V,3,0)),"",VLOOKUP(A10,'Dept (不許動)'!$S:$V,3,0))) -> IDL others | E10: =IF(A10=0,"",IF(ISNA(VLOOKUP(A10,'Dept (不許動)'!$S:$V,4,0)),"",VLOOKUP(A10,'Dept (不許動)'!$S:$V,4,0))) -> 0 | F10: =GLD!$BC29 -> 12 | G10: =GLD!$AT29 -> 0 | H10: =GLD!$AV29 -> 0 | I10: =IF($D10="Embordiary","GLD6",IF(ISNA(VLOOKUP(A10,'GLD分攤(Chad)'!$B$2:$E$572,3,0)),"",(VLOOKUP(A10,'GLD分攤(Chad)'!$B$9:$E$572,3,0)))) -> GLD1+2+3+5+6 | J10: =IF(E10="HL",0,IF($I10="GLD1+2+3+5+6",$F10*$J$1/SUM($J$1:$V$1),IF($I10="GLD1+2+3",$F10*$J$1/SUM($J$1:$P$1),IF($I10="GLD1+2",$F10*$J$1/SUM($J$1:$M$1),IF($I10="GLD1",$F10,0))))) -> 3.2727273 | K10: =IF(E10="HL",IF($I10="GLD1+2+3+5+6",$F10*$J$1/SUM($J$1:$V$1),IF($I10="GLD1+2+3",$F10*$J$1/SUM($J$1:$P$1),IF($I10="GLD1+2",$F10*$J$1/SUM($J$1:$M$1),IF($I10="GLD1",$F10,0)))),0) -> 0 | L10: =IF($I10="GLD1+2+3+5+6",SUM($G10:$H10)*$J$1/SUM($J$1:$V$1),IF($I10="GLD1+2+3",SUM($G10:$H10)*$J$1/SUM($J$1:$P$1),IF($I10="GLD1+2+3",SUM($G10:$H10)*$J$1/SUM($J$1:$P$1),IF($I10="GLD1+2",SUM($G10:$H10)*$J$1/SUM($J$1:$M$1),IF($I10="GLD1",SUM($G10:$H10),0))))) -> 0 | M10: =IF(E10="HL",0,IF($I10="GLD1+2+3+5+6",$F10*$M$1/SUM($J$1:$V$1),IF($I10="GLD1+2+3",$F10*$M$1/SUM($J$1:$P$1),IF($I10="GLD1+2",$F10*$M$1/SUM($J$1:$M$1),IF($I10="GLD2",$F10,0))))) -> 3.6363636 | N10: =IF(E10="HL",IF($I10="GLD1+2+3+5+6",$F10*$M$1/SUM($J$1:$V$1),IF($I10="GLD1+2+3",$F10*$M$1/SUM($J$1:$P$1),IF($I10="GLD1+2",$F10*$M$1/SUM($J$1:$M$1),IF($I10="GLD2",$F10,0)))),0) -> 0 | O10: =IF($I10="GLD1+2+3+5+6",SUM($G10:$H10)*$M$1/SUM($J$1:$V$1),IF($I10="GLD1+2+3",SUM($G10:$H10)*$M$1/SUM($J$1:$P$1),IF($I10="GLD1+2+3",SUM($G10:$H10)*$M$1/SUM($J$1:$P$1),IF($I10="GLD1+2",SUM($G10:$H10)*$M$1/SUM($J$1:$M$1),IF($I10="GLD2",SUM($G10:$H10),0))))) -> 0 | P10: =IF(E10="HL",0,IF($I10="GLD1+2+3+5+6",$F10*$P$1/SUM($J$1:$V$1),IF($I10="GLD3+5",$F10*$P$1/SUM($P$1:$S$1),IF($I10="GLD1+2",0,IF($I10="GLD3",$F10,0))))) -> 1.4545455 | Q10: =IF(E10="HL",IF($I10="GLD1+2+3+5+6",$F10*$P$1/SUM($J$1:$V$1),IF($I10="GLD3+5",$F10*$P$1/SUM($P$1:$S$1),IF($I10="GLD1+2",0,IF($I10="GLD3",$F10,0)))),0) -> 0 | R10: =IF($I10="GLD1+2+3+5+6",SUM($G10:$H10)*$P$1/SUM($J$1:$V$1),IF($I10="GLD3+5",SUM($G10:$H10)*$P$1/SUM($P$1:$S$1),IF($I10="GLD1+2",0,IF($I10="GLD3",SUM($G10:$H10),0)))) -> 0 | S10: =IF(E10="HL",0,IF($I10="GLD1+2+3+5+6",$F10*$S$1/SUM($J$1:$V$1),IF($I10="GLD3+5",$F10*$S$1/SUM($P$1:$S$1),IF($I10="GLD5",$F10,0)))) -> 1.8181818 | T10: =IF(E10="HL",IF($I10="GLD1+2+3+5+6",$F10*$S$1/SUM($J$1:$V$1),IF($I10="GLD3+5",$F10*$S$1/SUM($P$1:$S$1),IF($I10="GLD5",$F10,0))),0) -> 0 | U10: =IF($I10="GLD1+2+3+5+6",SUM($G10:$H10)*$S$1/SUM($J$1:$V$1),IF($I10="GLD3+5",SUM($G10:$H10)*$S$1/SUM($P$1:$S$1),IF($I10="GLD5",SUM($G10:$H10),0))) -> 0 | V10: =IF(E10="HL",0,IF($I10="GLD1+2+3+5+6",$F10*$V$1/SUM($J$1:$V$1),IF($I10="GLD6",$F10,0))) -> 1.8181818 | W10: =IF(E10="HL",IF($I10="GLD1+2+3+5+6",$F10*$V$1/SUM($J$1:$V$1),IF($I10="GLD6",$F10,0)),0) -> 0 | X10: =IF($I10="GLD1+2+3+5+6",SUM($G10:$H10)*$V$1/SUM($J$1:$V$1),IF($I10="GLD6",SUM($G10:$H10),0)) -> 0 | Y10: =IF(E10="HL",F10-(K10+N10+Q10+T10+W10),F10-(J10+M10+P10+S10+V10)) -> 0 | Z10: =IF(ABS(SUM(J10:X10)-(F10+G10+H10))>=1,"check","")
A11: =GLD!B30 -> Compliant (HO) | B11: =IF(OR(A11=0,LEFT(A11,2)="Mr",LEFT(A11,2)="Ms",LEFT(A11,3)="Sub",LEFT(A11,5)="Grand",RIGHT(A11,3)="by,"),"",IF(ISERROR(MATCH(A11,'Dept (不許動)'!$S:$S,0)),"NO","")) | C11: =IF(A11=0,"",IF(ISNA(VLOOKUP(A11,'Dept (不許動)'!$S:$V,2,0)),"",VLOOKUP(A11,'Dept (不許動)'!$S:$V,2,0))) -> IDL | D11: =IF(A11=0,"",IF(ISNA(VLOOKUP(A11,'Dept (不許動)'!$S:$V,3,0)),"",VLOOKUP(A11,'Dept (不許動)'!$S:$V,3,0))) -> IDL others | E11: =IF(A11=0,"",IF(ISNA(VLOOKUP(A11,'Dept (不許動)'!$S:$V,4,0)),"",VLOOKUP(A11,'Dept (不許動)'!$S:$V,4,0))) -> 0 | F11: =GLD!$BC30 -> 4 | G11: =GLD!$AT30 -> 0 | H11: =GLD!$AV30 -> 0 | I11: =IF($D11="Embordiary","GLD6",IF(ISNA(VLOOKUP(A11,'GLD分攤(Chad)'!$B$2:$E$572,3,0)),"",(VLOOKUP(A11,'GLD分攤(Chad)'!$B$9:$E$572,3,0)))) -> GLD1+2+3+5+6 | J11: =IF(E11="HL",0,IF($I11="GLD1+2+3+5+6",$F11*$J$1/SUM($J$1:$V$1),IF($I11="GLD1+2+3",$F11*$J$1/SUM($J$1:$P$1),IF($I11="GLD1+2",$F11*$J$1/SUM($J$1:$M$1),IF($I11="GLD1",$F11,0))))) -> 1.0909091 | K11: =IF(E11="HL",IF($I11="GLD1+2+3+5+6",$F11*$J$1/SUM($J$1:$V$1),IF($I11="GLD1+2+3",$F11*$J$1/SUM($J$1:$P$1),IF($I11="GLD1+2",$F11*$J$1/SUM($J$1:$M$1),IF($I11="GLD1",$F11,0)))),0) -> 0 | L11: =IF($I11="GLD1+2+3+5+6",SUM($G11:$H11)*$J$1/SUM($J$1:$V$1),IF($I11="GLD1+2+3",SUM($G11:$H11)*$J$1/SUM($J$1:$P$1),IF($I11="GLD1+2+3",SUM($G11:$H11)*$J$1/SUM($J$1:$P$1),IF($I11="GLD1+2",SUM($G11:$H11)*$J$1/SUM($J$1:$M$1),IF($I11="GLD1",SUM($G11:$H11),0))))) -> 0 | M11: =IF(E11="HL",0,IF($I11="GLD1+2+3+5+6",$F11*$M$1/SUM($J$1:$V$1),IF($I11="GLD1+2+3",$F11*$M$1/SUM($J$1:$P$1),IF($I11="GLD1+2",$F11*$M$1/SUM($J$1:$M$1),IF($I11="GLD2",$F11,0))))) -> 1.2121212 | N11: =IF(E11="HL",IF($I11="GLD1+2+3+5+6",$F11*$M$1/SUM($J$1:$V$1),IF($I11="GLD1+2+3",$F11*$M$1/SUM($J$1:$P$1),IF($I11="GLD1+2",$F11*$M$1/SUM($J$1:$M$1),IF($I11="GLD2",$F11,0)))),0) -> 0 | O11: =IF($I11="GLD1+2+3+5+6",SUM($G11:$H11)*$M$1/SUM($J$1:$V$1),IF($I11="GLD1+2+3",SUM($G11:$H11)*$M$1/SUM($J$1:$P$1),IF($I11="GLD1+2+3",SUM($G11:$H11)*$M$1/SUM($J$1:$P$1),IF($I11="GLD1+2",SUM($G11:$H11)*$M$1/SUM($J$1:$M$1),IF($I11="GLD2",SUM($G11:$H11),0))))) -> 0 | P11: =IF(E11="HL",0,IF($I11="GLD1+2+3+5+6",$F11*$P$1/SUM($J$1:$V$1),IF($I11="GLD3+5",$F11*$P$1/SUM($P$1:$S$1),IF($I11="GLD1+2",0,IF($I11="GLD3",$F11,0))))) -> 0.48484848 | Q11: =IF(E11="HL",IF($I11="GLD1+2+3+5+6",$F11*$P$1/SUM($J$1:$V$1),IF($I11="GLD3+5",$F11*$P$1/SUM($P$1:$S$1),IF($I11="GLD1+2",0,IF($I11="GLD3",$F11,0)))),0) -> 0 | R11: =IF($I11="GLD1+2+3+5+6",SUM($G11:$H11)*$P$1/SUM($J$1:$V$1),IF($I11="GLD3+5",SUM($G11:$H11)*$P$1/SUM($P$1:$S$1),IF($I11="GLD1+2",0,IF($I11="GLD3",SUM($G11:$H11),0)))) -> 0 | S11: =IF(E11="HL",0,IF($I11="GLD1+2+3+5+6",$F11*$S$1/SUM($J$1:$V$1),IF($I11="GLD3+5",$F11*$S$1/SUM($P$1:$S$1),IF($I11="GLD5",$F11,0)))) -> 0.60606061 | T11: =IF(E11="HL",IF($I11="GLD1+2+3+5+6",$F11*$S$1/SUM($J$1:$V$1),IF($I11="GLD3+5",$F11*$S$1/SUM($P$1:$S$1),IF($I11="GLD5",$F11,0))),0) -> 0 | U11: =IF($I11="GLD1+2+3+5+6",SUM($G11:$H11)*$S$1/SUM($J$1:$V$1),IF($I11="GLD3+5",SUM($G11:$H11)*$S$1/SUM($P$1:$S$1),IF($I11="GLD5",SUM($G11:$H11),0))) -> 0 | V11: =IF(E11="HL",0,IF($I11="GLD1+2+3+5+6",$F11*$V$1/SUM($J$1:$V$1),IF($I11="GLD6",$F11,0))) -> 0.60606061 | W11: =IF(E11="HL",IF($I11="GLD1+2+3+5+6",$F11*$V$1/SUM($J$1:$V$1),IF($I11="GLD6",$F11,0)),0) -> 0 | X11: =IF($I11="GLD1+2+3+5+6",SUM($G11:$H11)*$V$1/SUM($J$1:$V$1),IF($I11="GLD6",SUM($G11:$H11),0)) -> 0 | Y11: =IF(E11="HL",F11-(K11+N11+Q11+T11+W11),F11-(J11+M11+P11+S11+V11)) -> 4.4408921e-16 | Z11: =IF(ABS(SUM(J11:X11)-(F11+G11+H11))>=1,"check","")
A12: =GLD!B31 -> EDP (HO) | B12: =IF(OR(A12=0,LEFT(A12,2)="Mr",LEFT(A12,2)="Ms",LEFT(A12,3)="Sub",LEFT(A12,5)="Grand",RIGHT(A12,3)="by,"),"",IF(ISERROR(MATCH(A12,'Dept (不許動)'!$S:$S,0)),"NO","")) | C12: =IF(A12=0,"",IF(ISNA(VLOOKUP(A12,'Dept (不許動)'!$S:$V,2,0)),"",VLOOKUP(A12,'Dept (不許動)'!$S:$V,2,0))) -> IDL | D12: =IF(A12=0,"",IF(ISNA(VLOOKUP(A12,'Dept (不許動)'!$S:$V,3,0)),"",VLOOKUP(A12,'Dept (不許動)'!$S:$V,3,0))) -> IDL others | E12: =IF(A12=0,"",IF(ISNA(VLOOKUP(A12,'Dept (不許動)'!$S:$V,4,0)),"",VLOOKUP(A12,'Dept (不許動)'!$S:$V,4,0))) -> 0 | F12: =GLD!$BC31 -> 3 | G12: =GLD!$AT31 -> 0 | H12: =GLD!$AV31 -> 0 | I12: =IF($D12="Embordiary","GLD6",IF(ISNA(VLOOKUP(A12,'GLD分攤(Chad)'!$B$2:$E$572,3,0)),"",(VLOOKUP(A12,'GLD分攤(Chad)'!$B$9:$E$572,3,0)))) -> GLD1+2+3+5+6 | J12: =IF(E12="HL",0,IF($I12="GLD1+2+3+5+6",$F12*$J$1/SUM($J$1:$V$1),IF($I12="GLD1+2+3",$F12*$J$1/SUM($J$1:$P$1),IF($I12="GLD1+2",$F12*$J$1/SUM($J$1:$M$1),IF($I12="GLD1",$F12,0))))) -> 0.81818182 | K12: =IF(E12="HL",IF($I12="GLD1+2+3+5+6",$F12*$J$1/SUM($J$1:$V$1),IF($I12="GLD1+2+3",$F12*$J$1/SUM($J$1:$P$1),IF($I12="GLD1+2",$F12*$J$1/SUM($J$1:$M$1),IF($I12="GLD1",$F12,0)))),0) -> 0 | L12: =IF($I12="GLD1+2+3+5+6",SUM($G12:$H12)*$J$1/SUM($J$1:$V$1),IF($I12="GLD1+2+3",SUM($G12:$H12)*$J$1/SUM($J$1:$P$1),IF($I12="GLD1+2+3",SUM($G12:$H12)*$J$1/SUM($J$1:$P$1),IF($I12="GLD1+2",SUM($G12:$H12)*$J$1/SUM($J$1:$M$1),IF($I12="GLD1",SUM($G12:$H12),0))))) -> 0 | M12: =IF(E12="HL",0,IF($I12="GLD1+2+3+5+6",$F12*$M$1/SUM($J$1:$V$1),IF($I12="GLD1+2+3",$F12*$M$1/SUM($J$1:$P$1),IF($I12="GLD1+2",$F12*$M$1/SUM($J$1:$M$1),IF($I12="GLD2",$F12,0))))) -> 0.90909091 | N12: =IF(E12="HL",IF($I12="GLD1+2+3+5+6",$F12*$M$1/SUM($J$1:$V$1),IF($I12="GLD1+2+3",$F12*$M$1/SUM($J$1:$P$1),IF($I12="GLD1+2",$F12*$M$1/SUM($J$1:$M$1),IF($I12="GLD2",$F12,0)))),0) -> 0 | O12: =IF($I12="GLD1+2+3+5+6",SUM($G12:$H12)*$M$1/SUM($J$1:$V$1),IF($I12="GLD1+2+3",SUM($G12:$H12)*$M$1/SUM($J$1:$P$1),IF($I12="GLD1+2+3",SUM($G12:$H12)*$M$1/SUM($J$1:$P$1),IF($I12="GLD1+2",SUM($G12:$H12)*$M$1/SUM($J$1:$M$1),IF($I12="GLD2",SUM($G12:$H12),0))))) -> 0 | P12: =IF(E12="HL",0,IF($I12="GLD1+2+3+5+6",$F12*$P$1/SUM($J$1:$V$1),IF($I12="GLD3+5",$F12*$P$1/SUM($P$1:$S$1),IF($I12="GLD1+2",0,IF($I12="GLD3",$F12,0))))) -> 0.36363636 | Q12: =IF(E12="HL",IF($I12="GLD1+2+3+5+6",$F12*$P$1/SUM($J$1:$V$1),IF($I12="GLD3+5",$F12*$P$1/SUM($P$1:$S$1),IF($I12="GLD1+2",0,IF($I12="GLD3",$F12,0)))),0) -> 0 | R12: =IF($I12="GLD1+2+3+5+6",SUM($G12:$H12)*$P$1/SUM($J$1:$V$1),IF($I12="GLD3+5",SUM($G12:$H12)*$P$1/SUM($P$1:$S$1),IF($I12="GLD1+2",0,IF($I12="GLD3",SUM($G12:$H12),0)))) -> 0 | S12: =IF(E12="HL",0,IF($I12="GLD1+2+3+5+6",$F12*$S$1/SUM($J$1:$V$1),IF($I12="GLD3+5",$F12*$S$1/SUM($P$1:$S$1),IF($I12="GLD5",$F12,0)))) -> 0.45454545 | T12: =IF(E12="HL",IF($I12="GLD1+2+3+5+6",$F12*$S$1/SUM($J$1:$V$1),IF($I12="GLD3+5",$F12*$S$1/SUM($P$1:$S$1),IF($I12="GLD5",$F12,0))),0) -> 0 | U12: =IF($I12="GLD1+2+3+5+6",SUM($G12:$H12)*$S$1/SUM($J$1:$V$1),IF($I12="GLD3+5",SUM($G12:$H12)*$S$1/SUM($P$1:$S$1),IF($I12="GLD5",SUM($G12:$H12),0))) -> 0 | V12: =IF(E12="HL",0,IF($I12="GLD1+2+3+5+6",$F12*$V$1/SUM($J$1:$V$1),IF($I12="GLD6",$F12,0))) -> 0.45454545 | W12: =IF(E12="HL",IF($I12="GLD1+2+3+5+6",$F12*$V$1/SUM($J$1:$V$1),IF($I12="GLD6",$F12,0)),0) -> 0 | X12: =IF($I12="GLD1+2+3+5+6",SUM($G12:$H12)*$V$1/SUM($J$1:$V$1),IF($I12="GLD6",SUM($G12:$H12),0)) -> 0 | Y12: =IF(E12="HL",F12-(K12+N12+Q12+T12+W12),F12-(J12+M12+P12+S12+V12)) -> 0 | Z12: =IF(ABS(SUM(J12:X12)-(F12+G12+H12))>=1,"check","")
A13: =GLD!B32 -> Barcode (HO) | B13: =IF(OR(A13=0,LEFT(A13,2)="Mr",LEFT(A13,2)="Ms",LEFT(A13,3)="Sub",LEFT(A13,5)="Grand",RIGHT(A13,3)="by,"),"",IF(ISERROR(MATCH(A13,'Dept (不許動)'!$S:$S,0)),"NO","")) | C13: =IF(A13=0,"",IF(ISNA(VLOOKUP(A13,'Dept (不許動)'!$S:$V,2,0)),"",VLOOKUP(A13,'Dept (不許動)'!$S:$V,2,0))) -> IDL | D13: =IF(A13=0,"",IF(ISNA(VLOOKUP(A13,'Dept (不許動)'!$S:$V,3,0)),"",VLOOKUP(A13,'Dept (不許動)'!$S:$V,3,0))) -> IDL others | E13: =IF(A13=0,"",IF(ISNA(VLOOKUP(A13,'Dept (不許動)'!$S:$V,4,0)),"",VLOOKUP(A13,'Dept (不許動)'!$S:$V,4,0))) -> 0 | F13: =GLD!$BC32 -> 4 | G13: =GLD!$AT32 -> 1 | H13: =GLD!$AV32 -> 0 | I13: =IF($D13="Embordiary","GLD6",IF(ISNA(VLOOKUP(A13,'GLD分攤(Chad)'!$B$2:$E$572,3,0)),"",(VLOOKUP(A13,'GLD分攤(Chad)'!$B$9:$E$572,3,0)))) -> GLD1+2+3+5+6 | J13: =IF(E13="HL",0,IF($I13="GLD1+2+3+5+6",$F13*$J$1/SUM($J$1:$V$1),IF($I13="GLD1+2+3",$F13*$J$1/SUM($J$1:$P$1),IF($I13="GLD1+2",$F13*$J$1/SUM($J$1:$M$1),IF($I13="GLD1",$F13,0))))) -> 1.0909091 | K13: =IF(E13="HL",IF($I13="GLD1+2+3+5+6",$F13*$J$1/SUM($J$1:$V$1),IF($I13="GLD1+2+3",$F13*$J$1/SUM($J$1:$P$1),IF($I13="GLD1+2",$F13*$J$1/SUM($J$1:$M$1),IF($I13="GLD1",$F13,0)))),0) -> 0 | L13: =IF($I13="GLD1+2+3+5+6",SUM($G13:$H13)*$J$1/SUM($J$1:$V$1),IF($I13="GLD1+2+3",SUM($G13:$H13)*$J$1/SUM($J$1:$P$1),IF($I13="GLD1+2+3",SUM($G13:$H13)*$J$1/SUM($J$1:$P$1),IF($I13="GLD1+2",SUM($G13:$H13)*$J$1/SUM($J$1:$M$1),IF($I13="GLD1",SUM($G13:$H13),0))))) -> 0.27272727 | M13: =IF(E13="HL",0,IF($I13="GLD1+2+3+5+6",$F13*$M$1/SUM($J$1:$V$1),IF($I13="GLD1+2+3",$F13*$M$1/SUM($J$1:$P$1),IF($I13="GLD1+2",$F13*$M$1/SUM($J$1:$M$1),IF($I13="GLD2",$F13,0))))) -> 1.2121212 | N13: =IF(E13="HL",IF($I13="GLD1+2+3+5+6",$F13*$M$1/SUM($J$1:$V$1),IF($I13="GLD1+2+3",$F13*$M$1/SUM($J$1:$P$1),IF($I13="GLD1+2",$F13*$M$1/SUM($J$1:$M$1),IF($I13="GLD2",$F13,0)))),0) -> 0 | O13: =IF($I13="GLD1+2+3+5+6",SUM($G13:$H13)*$M$1/SUM($J$1:$V$1),IF($I13="GLD1+2+3",SUM($G13:$H13)*$M$1/SUM($J$1:$P$1),IF($I13="GLD1+2+3",SUM($G13:$H13)*$M$1/SUM($J$1:$P$1),IF($I13="GLD1+2",SUM($G13:$H13)*$M$1/SUM($J$1:$M$1),IF($I13="GLD2",SUM($G13:$H13),0))))) -> 0.3030303 | P13: =IF(E13="HL",0,IF($I13="GLD1+2+3+5+6",$F13*$P$1/SUM($J$1:$V$1),IF($I13="GLD3+5",$F13*$P$1/SUM($P$1:$S$1),IF($I13="GLD1+2",0,IF($I13="GLD3",$F13,0))))) -> 0.48484848 | Q13: =IF(E13="HL",IF($I13="GLD1+2+3+5+6",$F13*$P$1/SUM($J$1:$V$1),IF($I13="GLD3+5",$F13*$P$1/SUM($P$1:$S$1),IF($I13="GLD1+2",0,IF($I13="GLD3",$F13,0)))),0) -> 0 | R13: =IF($I13="GLD1+2+3+5+6",SUM($G13:$H13)*$P$1/SUM($J$1:$V$1),IF($I13="GLD3+5",SUM($G13:$H13)*$P$1/SUM($P$1:$S$1),IF($I13="GLD1+2",0,IF($I13="GLD3",SUM($G13:$H13),0)))) -> 0.12121212 | S13: =IF(E13="HL",0,IF($I13="GLD1+2+3+5+6",$F13*$S$1/SUM($J$1:$V$1),IF($I13="GLD3+5",$F13*$S$1/SUM($P$1:$S$1),IF($I13="GLD5",$F13,0)))) -> 0.60606061 | T13: =IF(E13="HL",IF($I13="GLD1+2+3+5+6",$F13*$S$1/SUM($J$1:$V$1),IF($I13="GLD3+5",$F13*$S$1/SUM($P$1:$S$1),IF($I13="GLD5",$F13,0))),0) -> 0 | U13: =IF($I13="GLD1+2+3+5+6",SUM($G13:$H13)*$S$1/SUM($J$1:$V$1),IF($I13="GLD3+5",SUM($G13:$H13)*$S$1/SUM($P$1:$S$1),IF($I13="GLD5",SUM($G13:$H13),0))) -> 0.15151515 | V13: =IF(E13="HL",0,IF($I13="GLD1+2+3+5+6",$F13*$V$1/SUM($J$1:$V$1),IF($I13="GLD6",$F13,0))) -> 0.60606061 | W13: =IF(E13="HL",IF($I13="GLD1+2+3+5+6",$F13*$V$1/SUM($J$1:$V$1),IF($I13="GLD6",$F13,0)),0) -> 0 | X13: =IF($I13="GLD1+2+3+5+6",SUM($G13:$H13)*$V$1/SUM($J$1:$V$1),IF($I13="GLD6",SUM($G13:$H13),0)) -> 0.15151515 | Y13: =IF(E13="HL",F13-(K13+N13+Q13+T13+W13),F13-(J13+M13+P13+S13+V13)) -> 4.4408921e-16 | Z13: =IF(ABS(SUM(J13:X13)-(F13+G13+H13))>=1,"check","")
A14: =GLD!B33 -> Internal Auditor (HO) | B14: =IF(OR(A14=0,LEFT(A14,2)="Mr",LEFT(A14,2)="Ms",LEFT(A14,3)="Sub",LEFT(A14,5)="Grand",RIGHT(A14,3)="by,"),"",IF(ISERROR(MATCH(A14,'Dept (不許動)'!$S:$S,0)),"NO","")) | C14: =IF(A14=0,"",IF(ISNA(VLOOKUP(A14,'Dept (不許動)'!$S:$V,2,0)),"",VLOOKUP(A14,'Dept (不許動)'!$S:$V,2,0))) -> IDL | D14: =IF(A14=0,"",IF(ISNA(VLOOKUP(A14,'Dept (不許動)'!$S:$V,3,0)),"",VLOOKUP(A14,'Dept (不許動)'!$S:$V,3,0))) -> IDL others | E14: =IF(A14=0,"",IF(ISNA(VLOOKUP(A14,'Dept (不許動)'!$S:$V,4,0)),"",VLOOKUP(A14,'Dept (不許動)'!$S:$V,4,0))) -> 0 | F14: =GLD!$BC33 -> 8 | G14: =GLD!$AT33 -> 0 | H14: =GLD!$AV33 -> 0 | I14: =IF($D14="Embordiary","GLD6",IF(ISNA(VLOOKUP(A14,'GLD分攤(Chad)'!$B$2:$E$572,3,0)),"",(VLOOKUP(A14,'GLD分攤(Chad)'!$B$9:$E$572,3,0)))) -> GLD1+2+3+5+6 | J14: =IF(E14="HL",0,IF($I14="GLD1+2+3+5+6",$F14*$J$1/SUM($J$1:$V$1),IF($I14="GLD1+2+3",$F14*$J$1/SUM($J$1:$P$1),IF($I14="GLD1+2",$F14*$J$1/SUM($J$1:$M$1),IF($I14="GLD1",$F14,0))))) -> 2.1818182 | K14: =IF(E14="HL",IF($I14="GLD1+2+3+5+6",$F14*$J$1/SUM($J$1:$V$1),IF($I14="GLD1+2+3",$F14*$J$1/SUM($J$1:$P$1),IF($I14="GLD1+2",$F14*$J$1/SUM($J$1:$M$1),IF($I14="GLD1",$F14,0)))),0) -> 0 | L14: =IF($I14="GLD1+2+3+5+6",SUM($G14:$H14)*$J$1/SUM($J$1:$V$1),IF($I14="GLD1+2+3",SUM($G14:$H14)*$J$1/SUM($J$1:$P$1),IF($I14="GLD1+2+3",SUM($G14:$H14)*$J$1/SUM($J$1:$P$1),IF($I14="GLD1+2",SUM($G14:$H14)*$J$1/SUM($J$1:$M$1),IF($I14="GLD1",SUM($G14:$H14),0))))) -> 0 | M14: =IF(E14="HL",0,IF($I14="GLD1+2+3+5+6",$F14*$M$1/SUM($J$1:$V$1),IF($I14="GLD1+2+3",$F14*$M$1/SUM($J$1:$P$1),IF($I14="GLD1+2",$F14*$M$1/SUM($J$1:$M$1),IF($I14="GLD2",$F14,0))))) -> 2.4242424 | N14: =IF(E14="HL",IF($I14="GLD1+2+3+5+6",$F14*$M$1/SUM($J$1:$V$1),IF($I14="GLD1+2+3",$F14*$M$1/SUM($J$1:$P$1),IF($I14="GLD1+2",$F14*$M$1/SUM($J$1:$M$1),IF($I14="GLD2",$F14,0)))),0) -> 0 | O14: =IF($I14="GLD1+2+3+5+6",SUM($G14:$H14)*$M$1/SUM($J$1:$V$1),IF($I14="GLD1+2+3",SUM($G14:$H14)*$M$1/SUM($J$1:$P$1),IF($I14="GLD1+2+3",SUM($G14:$H14)*$M$1/SUM($J$1:$P$1),IF($I14="GLD1+2",SUM($G14:$H14)*$M$1/SUM($J$1:$M$1),IF($I14="GLD2",SUM($G14:$H14),0))))) -> 0 | P14: =IF(E14="HL",0,IF($I14="GLD1+2+3+5+6",$F14*$P$1/SUM($J$1:$V$1),IF($I14="GLD3+5",$F14*$P$1/SUM($P$1:$S$1),IF($I14="GLD1+2",0,IF($I14="GLD3",$F14,0))))) -> 0.96969697 | Q14: =IF(E14="HL",IF($I14="GLD1+2+3+5+6",$F14*$P$1/SUM($J$1:$V$1),IF($I14="GLD3+5",$F14*$P$1/SUM($P$1:$S$1),IF($I14="GLD1+2",0,IF($I14="GLD3",$F14,0)))),0) -> 0 | R14: =IF($I14="GLD1+2+3+5+6",SUM($G14:$H14)*$P$1/SUM($J$1:$V$1),IF($I14="GLD3+5",SUM($G14:$H14)*$P$1/SUM($P$1:$S$1),IF($I14="GLD1+2",0,IF($I14="GLD3",SUM($G14:$H14),0)))) -> 0 | S14: =IF(E14="HL",0,IF($I14="GLD1+2+3+5+6",$F14*$S$1/SUM($J$1:$V$1),IF($I14="GLD3+5",$F14*$S$1/SUM($P$1:$S$1),IF($I14="GLD5",$F14,0)))) -> 1.2121212 | T14: =IF(E14="HL",IF($I14="GLD1+2+3+5+6",$F14*$S$1/SUM($J$1:$V$1),IF($I14="GLD3+5",$F14*$S$1/SUM($P$1:$S$1),IF($I14="GLD5",$F14,0))),0) -> 0 | U14: =IF($I14="GLD1+2+3+5+6",SUM($G14:$H14)*$S$1/SUM($J$1:$V$1),IF($I14="GLD3+5",SUM($G14:$H14)*$S$1/SUM($P$1:$S$1),IF($I14="GLD5",SUM($G14:$H14),0))) -> 0 | V14: =IF(E14="HL",0,IF($I14="GLD1+2+3+5+6",$F14*$V$1/SUM($J$1:$V$1),IF($I14="GLD6",$F14,0))) -> 1.2121212 | W14: =IF(E14="HL",IF($I14="GLD1+2+3+5+6",$F14*$V$1/SUM($J$1:$V$1),IF($I14="GLD6",$F14,0)),0) -> 0 | X14: =IF($I14="GLD1+2+3+5+6",SUM($G14:$H14)*$V$1/SUM($J$1:$V$1),IF($I14="GLD6",SUM($G14:$H14),0)) -> 0 | Y14: =IF(E14="HL",F14-(K14+N14+Q14+T14+W14),F14-(J14+M14+P14+S14+V14)) -> 8.8817842e-16 | Z14: =IF(ABS(SUM(J14:X14)-(F14+G14+H14))>=1,"check","")
... A25: =GLD!B44 -> Cutting/piping 2 | B25: =IF(OR(A25=0,LEFT(A25,2)="Mr",LEFT(A25,2)="Ms",LEFT(A25,3)="Sub",LEFT(A25,5)="Grand",RIGHT(A25,3)="by,"),"",IF(ISERROR(MATCH(A25,'Dept (不許動)'!$S:$S,0)),"NO","")) | C25: =IF(A25=0,"",IF(ISNA(VLOOKUP(A25,'Dept (不許動)'!$S:$V,2,0)),"",VLOOKUP(A25,'Dept (不許動)'!$S:$V,2,0))) -> DL | D25: =IF(A25=0,"",IF(ISNA(VLOOKUP(A25,'Dept (不許動)'!$S:$V,3,0)),"",VLOOKUP(A25,'Dept (不許動)'!$S:$V,3,0))) -> Cutting | E25: =IF(A25=0,"",IF(ISNA(VLOOKUP(A25,'Dept (不許動)'!$S:$V,4,0)),"",VLOOKUP(A25,'Dept (不許動)'!$S:$V,4,0))) -> 0 | F25: =GLD!$BC44 -> 4 | G25: =GLD!$AT44 -> 0 | H25: =GLD!$AV44 -> 0 | I25: =IF($D25="Embordiary","GLD6",IF(ISNA(VLOOKUP(A25,'GLD分攤(Chad)'!$B$2:$E$572,3,0)),"",(VLOOKUP(A25,'GLD分攤(Chad)'!$B$9:$E$572,3,0)))) -> GLD2 | J25: =IF(E25="HL",0,IF($I25="GLD1+2+3+5+6",$F25*$J$1/SUM($J$1:$V$1),IF($I25="GLD1+2+3",$F25*$J$1/SUM($J$1:$P$1),IF($I25="GLD1+2",$F25*$J$1/SUM($J$1:$M$1),IF($I25="GLD1",$F25,0))))) -> 0 | K25: =IF(E25="HL",IF($I25="GLD1+2+3+5+6",$F25*$J$1/SUM($J$1:$V$1),IF($I25="GLD1+2+3",$F25*$J$1/SUM($J$1:$P$1),IF($I25="GLD1+2",$F25*$J$1/SUM($J$1:$M$1),IF($I25="GLD1",$F25,0)))),0) -> 0 | L25: =IF($I25="GLD1+2+3+5+6",SUM($G25:$H25)*$J$1/SUM($J$1:$V$1),IF($I25="GLD1+2+3",SUM($G25:$H25)*$J$1/SUM($J$1:$P$1),IF($I25="GLD1+2+3",SUM($G25:$H25)*$J$1/SUM($J$1:$P$1),IF($I25="GLD1+2",SUM($G25:$H25)*$J$1/SUM($J$1:$M$1),IF($I25="GLD1",SUM($G25:$H25),0))))) -> 0 | M25: =IF(E25="HL",0,IF($I25="GLD1+2+3+5+6",$F25*$M$1/SUM($J$1:$V$1),IF($I25="GLD1+2+3",$F25*$M$1/SUM($J$1:$P$1),IF($I25="GLD1+2",$F25*$M$1/SUM($J$1:$M$1),IF($I25="GLD2",$F25,0))))) -> 4 | N25: =IF(E25="HL",IF($I25="GLD1+2+3+5+6",$F25*$M$1/SUM($J$1:$V$1),IF($I25="GLD1+2+3",$F25*$M$1/SUM($J$1:$P$1),IF($I25="GLD1+2",$F25*$M$1/SUM($J$1:$M$1),IF($I25="GLD2",$F25,0)))),0) -> 0 | O25: =IF($I25="GLD1+2+3+5+6",SUM($G25:$H25)*$M$1/SUM($J$1:$V$1),IF($I25="GLD1+2+3",SUM($G25:$H25)*$M$1/SUM($J$1:$P$1),IF($I25="GLD1+2+3",SUM($G25:$H25)*$M$1/SUM($J$1:$P$1),IF($I25="GLD1+2",SUM($G25:$H25)*$M$1/SUM($J$1:$M$1),IF($I25="GLD2",SUM($G25:$H25),0))))) -> 0 | P25: =IF(E25="HL",0,IF($I25="GLD1+2+3+5+6",$F25*$P$1/SUM($J$1:$V$1),IF($I25="GLD3+5",$F25*$P$1/SUM($P$1:$S$1),IF($I25="GLD1+2",0,IF($I25="GLD3",$F25,0))))) -> 0 | Q25: =IF(E25="HL",IF($I25="GLD1+2+3+5+6",$F25*$P$1/SUM($J$1:$V$1),IF($I25="GLD3+5",$F25*$P$1/SUM($P$1:$S$1),IF($I25="GLD1+2",0,IF($I25="GLD3",$F25,0)))),0) -> 0 | R25: =IF($I25="GLD1+2+3+5+6",SUM($G25:$H25)*$P$1/SUM($J$1:$V$1),IF($I25="GLD3+5",SUM($G25:$H25)*$P$1/SUM($P$1:$S$1),IF($I25="GLD1+2",0,IF($I25="GLD3",SUM($G25:$H25),0)))) -> 0 | S25: =IF(E25="HL",0,IF($I25="GLD1+2+3+5+6",$F25*$S$1/SUM($J$1:$V$1),IF($I25="GLD3+5",$F25*$S$1/SUM($P$1:$S$1),IF($I25="GLD5",$F25,0)))) -> 0 | T25: =IF(E25="HL",IF($I25="GLD1+2+3+5+6",$F25*$S$1/SUM($J$1:$V$1),IF($I25="GLD3+5",$F25*$S$1/SUM($P$1:$S$1),IF($I25="GLD5",$F25,0))),0) -> 0 | U25: =IF($I25="GLD1+2+3+5+6",SUM($G25:$H25)*$S$1/SUM($J$1:$V$1),IF($I25="GLD3+5",SUM($G25:$H25)*$S$1/SUM($P$1:$S$1),IF($I25="GLD5",SUM($G25:$H25),0))) -> 0 | V25: =IF(E25="HL",0,IF($I25="GLD1+2+3+5+6",$F25*$V$1/SUM($J$1:$V$1),IF($I25="GLD6",$F25,0))) -> 0 | W25: =IF(E25="HL",IF($I25="GLD1+2+3+5+6",$F25*$V$1/SUM($J$1:$V$1),IF($I25="GLD6",$F25,0)),0) -> 0 | X25: =IF($I25="GLD1+2+3+5+6",SUM($G25:$H25)*$V$1/SUM($J$1:$V$1),IF($I25="GLD6",SUM($G25:$H25),0)) -> 0 | Y25: =IF(E25="HL",F25-(K25+N25+Q25+T25+W25),F25-(J25+M25+P25+S25+V25)) -> 0 | Z25: =IF(ABS(SUM(J25:X25)-(F25+G25+H25))>=1,"check","")
A26: =GLD!B45 -> Cutting/piping (Staff) 2 | B26: =IF(OR(A26=0,LEFT(A26,2)="Mr",LEFT(A26,2)="Ms",LEFT(A26,3)="Sub",LEFT(A26,5)="Grand",RIGHT(A26,3)="by,"),"",IF(ISERROR(MATCH(A26,'Dept (不許動)'!$S:$S,0)),"NO","")) | C26: =IF(A26=0,"",IF(ISNA(VLOOKUP(A26,'Dept (不許動)'!$S:$V,2,0)),"",VLOOKUP(A26,'Dept (不許動)'!$S:$V,2,0))) -> IDL | D26: =IF(A26=0,"",IF(ISNA(VLOOKUP(A26,'Dept (不許動)'!$S:$V,3,0)),"",VLOOKUP(A26,'Dept (不許動)'!$S:$V,3,0))) -> IDL Cutting | E26: =IF(A26=0,"",IF(ISNA(VLOOKUP(A26,'Dept (不許動)'!$S:$V,4,0)),"",VLOOKUP(A26,'Dept (不許動)'!$S:$V,4,0))) -> 0 | F26: =GLD!$BC45 -> 1 | G26: =GLD!$AT45 -> 0 | H26: =GLD!$AV45 -> 0 | I26: =IF($D26="Embordiary","GLD6",IF(ISNA(VLOOKUP(A26,'GLD分攤(Chad)'!$B$2:$E$572,3,0)),"",(VLOOKUP(A26,'GLD分攤(Chad)'!$B$9:$E$572,3,0)))) -> GLD2 | J26: =IF(E26="HL",0,IF($I26="GLD1+2+3+5+6",$F26*$J$1/SUM($J$1:$V$1),IF($I26="GLD1+2+3",$F26*$J$1/SUM($J$1:$P$1),IF($I26="GLD1+2",$F26*$J$1/SUM($J$1:$M$1),IF($I26="GLD1+2+6",$F26*$J$1/SUM($J$1:$M$1,$V$1),IF($I26="GLD1",$F26,0)))))) -> 0 | K26: =IF(E26="HL",IF($I26="GLD1+2+3+5+6",$F26*$J$1/SUM($J$1:$V$1),IF($I26="GLD1+2+3",$F26*$J$1/SUM($J$1:$P$1),IF($I26="GLD1+2",$F26*$J$1/SUM($J$1:$M$1),IF($I26="GLD1+2+6",$F26*$J$1/SUM($J$1:$M$1,$V$1),IF($I26="GLD1",$F26,0))))),0) -> 0 | L26: =IF($I26="GLD1+2+3+5+6",SUM($G26:$H26)*$J$1/SUM($J$1:$V$1),IF($I26="GLD1+2+3",SUM($G26:$H26)*$J$1/SUM($J$1:$P$1),IF($I26="GLD1+2+3",SUM($G26:$H26)*$J$1/SUM($J$1:$P$1),IF($I26="GLD1+2",SUM($G26:$H26)*$J$1/SUM($J$1:$M$1),IF($I26="GLD1",SUM($G26:$H26),0))))) -> 0 | M26: =IF(E26="HL",0,IF($I26="GLD1+2+3+5+6",$F26*$M$1/SUM($J$1:$V$1),IF($I26="GLD1+2+3",$F26*$M$1/SUM($J$1:$P$1),IF($I26="GLD1+2",$F26*$M$1/SUM($J$1:$M$1),IF($I26="GLD1+2+6",$F26*$M$1/SUM($J$1:$M$1,$V$1),IF($I26="GLD2",$F26,0)))))) -> 1 | N26: =IF(E26="HL",IF($I26="GLD1+2+3+5+6",$F26*$M$1/SUM($J$1:$V$1),IF($I26="GLD1+2+3",$F26*$M$1/SUM($J$1:$P$1),IF($I26="GLD1+2",$F26*$M$1/SUM($J$1:$M$1),IF($I26="GLD1+2+6",$F26*$M$1/SUM($J$1:$M$1,$V$1),IF($I26="GLD2",$F26,0))))),0) -> 0 | O26: =IF($I26="GLD1+2+3+5+6",SUM($G26:$H26)*$M$1/SUM($J$1:$V$1),IF($I26="GLD1+2+3",SUM($G26:$H26)*$M$1/SUM($J$1:$P$1),IF($I26="GLD1+2+3",SUM($G26:$H26)*$M$1/SUM($J$1:$P$1),IF($I26="GLD1+2",SUM($G26:$H26)*$M$1/SUM($J$1:$M$1),IF($I26="GLD2",SUM($G26:$H26),0))))) -> 0 | P26: =IF(E26="HL",0,IF($I26="GLD1+2+3+5+6",$F26*$P$1/SUM($J$1:$V$1),IF($I26="GLD3+5",$F26*$P$1/SUM($P$1:$S$1),IF($I26="GLD1+2",0,IF($I26="GLD3",$F26,0))))) -> 0 | Q26: =IF(E26="HL",IF($I26="GLD1+2+3+5+6",$F26*$P$1/SUM($J$1:$V$1),IF($I26="GLD3+5",$F26*$P$1/SUM($P$1:$S$1),IF($I26="GLD1+2",0,IF($I26="GLD3",$F26,0)))),0) -> 0 | R26: =IF($I26="GLD1+2+3+5+6",SUM($G26:$H26)*$P$1/SUM($J$1:$V$1),IF($I26="GLD3+5",SUM($G26:$H26)*$P$1/SUM($P$1:$S$1),IF($I26="GLD1+2",0,IF($I26="GLD3",SUM($G26:$H26),0)))) -> 0 | S26: =IF(E26="HL",0,IF($I26="GLD1+2+3+5+6",$F26*$S$1/SUM($J$1:$V$1),IF($I26="GLD3+5",$F26*$S$1/SUM($P$1:$S$1),IF($I26="GLD5",$F26,0)))) -> 0 | T26: =IF(E26="HL",IF($I26="GLD1+2+3+5+6",$F26*$S$1/SUM($J$1:$V$1),IF($I26="GLD3+5",$F26*$S$1/SUM($P$1:$S$1),IF($I26="GLD5",$F26,0))),0) -> 0 | U26: =IF($I26="GLD1+2+3+5+6",SUM($G26:$H26)*$S$1/SUM($J$1:$V$1),IF($I26="GLD3+5",SUM($G26:$H26)*$S$1/SUM($P$1:$S$1),IF($I26="GLD5",SUM($G26:$H26),0))) -> 0 | V26: =IF(E26="HL",0,IF($I26="GLD1+2+3+5+6",$F26*$S$1/SUM($J$1:$V$1),IF($I26="GLD1+2+6",$F26*$V$1/SUM($J$1:$M$1,$V$1),IF($I26="GLD6",$F26,0)))) -> 0 | W26: =IF(E26="HL",IF($I26="GLD1+2+3+5+6",$F26*$V$1/SUM($J$1:$V$1),IF($I26="GLD6",$F26,0)),0) -> 0 | X26: =IF($I26="GLD1+2+3+5+6",SUM($G26:$H26)*$V$1/SUM($J$1:$V$1),IF($I26="GLD6",SUM($G26:$H26),0)) -> 0 | Y26: =IF(E26="HL",F26-(K26+N26+Q26+T26+W26),F26-(J26+M26+P26+S26+V26)) -> 0 | Z26: =IF(ABS(SUM(J26:X26)-(F26+G26+H26))>=1,"check","")
A27: =GLD!B46 -> Cutting/piping 3 | B27: =IF(OR(A27=0,LEFT(A27,2)="Mr",LEFT(A27,2)="Ms",LEFT(A27,3)="Sub",LEFT(A27,5)="Grand",RIGHT(A27,3)="by,"),"",IF(ISERROR(MATCH(A27,'Dept (不許動)'!$S:$S,0)),"NO","")) | C27: =IF(A27=0,"",IF(ISNA(VLOOKUP(A27,'Dept (不許動)'!$S:$V,2,0)),"",VLOOKUP(A27,'Dept (不許動)'!$S:$V,2,0))) -> DL | D27: =IF(A27=0,"",IF(ISNA(VLOOKUP(A27,'Dept (不許動)'!$S:$V,3,0)),"",VLOOKUP(A27,'Dept (不許動)'!$S:$V,3,0))) -> Cutting | E27: =IF(A27=0,"",IF(ISNA(VLOOKUP(A27,'Dept (不許動)'!$S:$V,4,0)),"",VLOOKUP(A27,'Dept (不許動)'!$S:$V,4,0))) -> 0 | F27: =GLD!$BC46 -> 8 | G27: =GLD!$AT46 -> 0 | H27: =GLD!$AV46 -> 0 | I27: =IF($D27="Embordiary","GLD6",IF(ISNA(VLOOKUP(A27,'GLD分攤(Chad)'!$B$2:$E$572,3,0)),"",(VLOOKUP(A27,'GLD分攤(Chad)'!$B$9:$E$572,3,0)))) -> GLD3+5 | J27: =IF(E27="HL",0,IF($I27="GLD1+2+3+5+6",$F27*$J$1/SUM($J$1:$V$1),IF($I27="GLD1+2+3",$F27*$J$1/SUM($J$1:$P$1),IF($I27="GLD1+2",$F27*$J$1/SUM($J$1:$M$1),IF($I27="GLD1",$F27,0))))) -> 0 | K27: =IF(E27="HL",IF($I27="GLD1+2+3+5+6",$F27*$J$1/SUM($J$1:$V$1),IF($I27="GLD1+2+3",$F27*$J$1/SUM($J$1:$P$1),IF($I27="GLD1+2",$F27*$J$1/SUM($J$1:$M$1),IF($I27="GLD1",$F27,0)))),0) -> 0 | L27: =IF($I27="GLD1+2+3+5+6",SUM($G27:$H27)*$J$1/SUM($J$1:$V$1),IF($I27="GLD1+2+3",SUM($G27:$H27)*$J$1/SUM($J$1:$P$1),IF($I27="GLD1+2+3",SUM($G27:$H27)*$J$1/SUM($J$1:$P$1),IF($I27="GLD1+2",SUM($G27:$H27)*$J$1/SUM($J$1:$M$1),IF($I27="GLD1",SUM($G27:$H27),0))))) -> 0 | M27: =IF(E27="HL",0,IF($I27="GLD1+2+3+5+6",$F27*$M$1/SUM($J$1:$V$1),IF($I27="GLD1+2+3",$F27*$M$1/SUM($J$1:$P$1),IF($I27="GLD1+2",$F27*$M$1/SUM($J$1:$M$1),IF($I27="GLD2",$F27,0))))) -> 0 | N27: =IF(E27="HL",IF($I27="GLD1+2+3+5+6",$F27*$M$1/SUM($J$1:$V$1),IF($I27="GLD1+2+3",$F27*$M$1/SUM($J$1:$P$1),IF($I27="GLD1+2",$F27*$M$1/SUM($J$1:$M$1),IF($I27="GLD2",$F27,0)))),0) -> 0 | O27: =IF($I27="GLD1+2+3+5+6",SUM($G27:$H27)*$M$1/SUM($J$1:$V$1),IF($I27="GLD1+2+3",SUM($G27:$H27)*$M$1/SUM($J$1:$P$1),IF($I27="GLD1+2+3",SUM($G27:$H27)*$M$1/SUM($J$1:$P$1),IF($I27="GLD1+2",SUM($G27:$H27)*$M$1/SUM($J$1:$M$1),IF($I27="GLD2",SUM($G27:$H27),0))))) -> 0 | P27: =IF(E27="HL",0,IF($I27="GLD1+2+3+5+6",$F27*$P$1/SUM($J$1:$V$1),IF($I27="GLD3+5",$F27*$P$1/SUM($P$1:$S$1),IF($I27="GLD1+2",0,IF($I27="GLD3",$F27,0))))) -> 3.5555556 | Q27: =IF(E27="HL",IF($I27="GLD1+2+3+5+6",$F27*$P$1/SUM($J$1:$V$1),IF($I27="GLD3+5",$F27*$P$1/SUM($P$1:$S$1),IF($I27="GLD1+2",0,IF($I27="GLD3",$F27,0)))),0) -> 0 | R27: =IF($I27="GLD1+2+3+5+6",SUM($G27:$H27)*$P$1/SUM($J$1:$V$1),IF($I27="GLD3+5",SUM($G27:$H27)*$P$1/SUM($P$1:$S$1),IF($I27="GLD1+2",0,IF($I27="GLD3",SUM($G27:$H27),0)))) -> 0 | S27: =IF(E27="HL",0,IF($I27="GLD1+2+3+5+6",$F27*$S$1/SUM($J$1:$V$1),IF($I27="GLD3+5",$F27*$S$1/SUM($P$1:$S$1),IF($I27="GLD5",$F27,0)))) -> 4.4444444 | T27: =IF(E27="HL",IF($I27="GLD1+2+3+5+6",$F27*$S$1/SUM($J$1:$V$1),IF($I27="GLD3+5",$F27*$S$1/SUM($P$1:$S$1),IF($I27="GLD5",$F27,0))),0) -> 0 | U27: =IF($I27="GLD1+2+3+5+6",SUM($G27:$H27)*$S$1/SUM($J$1:$V$1),IF($I27="GLD3+5",SUM($G27:$H27)*$S$1/SUM($P$1:$S$1),IF($I27="GLD5",SUM($G27:$H27),0))) -> 0 | V27: =IF(E27="HL",0,IF($I27="GLD1+2+3+5+6",$F27*$V$1/SUM($J$1:$V$1),IF($I27="GLD6",$F27,0))) -> 0 | W27: =IF(E27="HL",IF($I27="GLD1+2+3+5+6",$F27*$V$1/SUM($J$1:$V$1),IF($I27="GLD6",$F27,0)),0) -> 0 | X27: =IF($I27="GLD1+2+3+5+6",SUM($G27:$H27)*$V$1/SUM($J$1:$V$1),IF($I27="GLD6",SUM($G27:$H27),0)) -> 0 | Y27: =IF(E27="HL",F27-(K27+N27+Q27+T27+W27),F27-(J27+M27+P27+S27+V27)) -> 0 | Z27: =IF(ABS(SUM(J27:X27)-(F27+G27+H27))>=1,"check","")
A28: =GLD!B47 -> Cutting/piping 3 (Staff) | B28: =IF(OR(A28=0,LEFT(A28,2)="Mr",LEFT(A28,2)="Ms",LEFT(A28,3)="Sub",LEFT(A28,5)="Grand",RIGHT(A28,3)="by,"),"",IF(ISERROR(MATCH(A28,'Dept (不許動)'!$S:$S,0)),"NO","")) | C28: =IF(A28=0,"",IF(ISNA(VLOOKUP(A28,'Dept (不許動)'!$S:$V,2,0)),"",VLOOKUP(A28,'Dept (不許動)'!$S:$V,2,0))) -> IDL | D28: =IF(A28=0,"",IF(ISNA(VLOOKUP(A28,'Dept (不許動)'!$S:$V,3,0)),"",VLOOKUP(A28,'Dept (不許動)'!$S:$V,3,0))) -> IDL Cutting | E28: =IF(A28=0,"",IF(ISNA(VLOOKUP(A28,'Dept (不許動)'!$S:$V,4,0)),"",VLOOKUP(A28,'Dept (不許動)'!$S:$V,4,0))) -> 0 | F28: =GLD!$BC47 -> 1 | G28: =GLD!$AT47 -> 0 | H28: =GLD!$AV47 -> 0 | I28: =IF($D28="Embordiary","GLD6",IF(ISNA(VLOOKUP(A28,'GLD分攤(Chad)'!$B$2:$E$572,3,0)),"",(VLOOKUP(A28,'GLD分攤(Chad)'!$B$9:$E$572,3,0)))) -> GLD3 | J28: =IF(E28="HL",0,IF($I28="GLD1+2+3+5+6",$F28*$J$1/SUM($J$1:$V$1),IF($I28="GLD1+2+3",$F28*$J$1/SUM($J$1:$P$1),IF($I28="GLD1+2",$F28*$J$1/SUM($J$1:$M$1),IF($I28="GLD1",$F28,0))))) -> 0 | K28: =IF(E28="HL",IF($I28="GLD1+2+3+5+6",$F28*$J$1/SUM($J$1:$V$1),IF($I28="GLD1+2+3",$F28*$J$1/SUM($J$1:$P$1),IF($I28="GLD1+2",$F28*$J$1/SUM($J$1:$M$1),IF($I28="GLD1",$F28,0)))),0) -> 0 | L28: =IF($I28="GLD1+2+3+5+6",SUM($G28:$H28)*$J$1/SUM($J$1:$V$1),IF($I28="GLD1+2+3",SUM($G28:$H28)*$J$1/SUM($J$1:$P$1),IF($I28="GLD1+2+3",SUM($G28:$H28)*$J$1/SUM($J$1:$P$1),IF($I28="GLD1+2",SUM($G28:$H28)*$J$1/SUM($J$1:$M$1),IF($I28="GLD1",SUM($G28:$H28),0))))) -> 0 | M28: =IF(E28="HL",0,IF($I28="GLD1+2+3+5+6",$F28*$M$1/SUM($J$1:$V$1),IF($I28="GLD1+2+3",$F28*$M$1/SUM($J$1:$P$1),IF($I28="GLD1+2",$F28*$M$1/SUM($J$1:$M$1),IF($I28="GLD2",$F28,0))))) -> 0 | N28: =IF(E28="HL",IF($I28="GLD1+2+3+5+6",$F28*$M$1/SUM($J$1:$V$1),IF($I28="GLD1+2+3",$F28*$M$1/SUM($J$1:$P$1),IF($I28="GLD1+2",$F28*$M$1/SUM($J$1:$M$1),IF($I28="GLD2",$F28,0)))),0) -> 0 | O28: =IF($I28="GLD1+2+3+5+6",SUM($G28:$H28)*$M$1/SUM($J$1:$V$1),IF($I28="GLD1+2+3",SUM($G28:$H28)*$M$1/SUM($J$1:$P$1),IF($I28="GLD1+2+3",SUM($G28:$H28)*$M$1/SUM($J$1:$P$1),IF($I28="GLD1+2",SUM($G28:$H28)*$M$1/SUM($J$1:$M$1),IF($I28="GLD2",SUM($G28:$H28),0))))) -> 0 | P28: =IF(E28="HL",0,IF($I28="GLD1+2+3+5+6",$F28*$P$1/SUM($J$1:$V$1),IF($I28="GLD3+5",$F28*$P$1/SUM($P$1:$S$1),IF($I28="GLD1+2",0,IF($I28="GLD3",$F28,0))))) -> 1 | Q28: =IF(E28="HL",IF($I28="GLD1+2+3+5+6",$F28*$P$1/SUM($J$1:$V$1),IF($I28="GLD3+5",$F28*$P$1/SUM($P$1:$S$1),IF($I28="GLD1+2",0,IF($I28="GLD3",$F28,0)))),0) -> 0 | R28: =IF($I28="GLD1+2+3+5+6",SUM($G28:$H28)*$P$1/SUM($J$1:$V$1),IF($I28="GLD3+5",SUM($G28:$H28)*$P$1/SUM($P$1:$S$1),IF($I28="GLD1+2",0,IF($I28="GLD3",SUM($G28:$H28),0)))) -> 0 | S28: =IF(E28="HL",0,IF($I28="GLD1+2+3+5+6",$F28*$S$1/SUM($J$1:$V$1),IF($I28="GLD3+5",$F28*$S$1/SUM($P$1:$S$1),IF($I28="GLD5",$F28,0)))) -> 0 | T28: =IF(E28="HL",IF($I28="GLD1+2+3+5+6",$F28*$S$1/SUM($J$1:$V$1),IF($I28="GLD3+5",$F28*$S$1/SUM($P$1:$S$1),IF($I28="GLD5",$F28,0))),0) -> 0 | U28: =IF($I28="GLD1+2+3+5+6",SUM($G28:$H28)*$S$1/SUM($J$1:$V$1),IF($I28="GLD3+5",SUM($G28:$H28)*$S$1/SUM($P$1:$S$1),IF($I28="GLD5",SUM($G28:$H28),0))) -> 0 | V28: =IF(E28="HL",0,IF($I28="GLD1+2+3+5+6",$F28*$V$1/SUM($J$1:$V$1),IF($I28="GLD6",$F28,0))) -> 0 | W28: =IF(E28="HL",IF($I28="GLD1+2+3+5+6",$F28*$V$1/SUM($J$1:$V$1),IF($I28="GLD6",$F28,0)),0) -> 0 | X28: =IF($I28="GLD1+2+3+5+6",SUM($G28:$H28)*$V$1/SUM($J$1:$V$1),IF($I28="GLD6",SUM($G28:$H28),0)) -> 0 | Y28: =IF(E28="HL",F28-(K28+N28+Q28+T28+W28),F28-(J28+M28+P28+S28+V28)) -> 0 | Z28: =IF(ABS(SUM(J28:X28)-(F28+G28+H28))>=1,"check","")
A29: =GLD!B48 -> Cutting/piping 6 | B29: =IF(OR(A29=0,LEFT(A29,2)="Mr",LEFT(A29,2)="Ms",LEFT(A29,3)="Sub",LEFT(A29,5)="Grand",RIGHT(A29,3)="by,"),"",IF(ISERROR(MATCH(A29,'Dept (不許動)'!$S:$S,0)),"NO","")) | C29: =IF(A29=0,"",IF(ISNA(VLOOKUP(A29,'Dept (不許動)'!$S:$V,2,0)),"",VLOOKUP(A29,'Dept (不許動)'!$S:$V,2,0))) -> DL | D29: =IF(A29=0,"",IF(ISNA(VLOOKUP(A29,'Dept (不許動)'!$S:$V,3,0)),"",VLOOKUP(A29,'Dept (不許動)'!$S:$V,3,0))) -> Cutting | E29: =IF(A29=0,"",IF(ISNA(VLOOKUP(A29,'Dept (不許動)'!$S:$V,4,0)),"",VLOOKUP(A29,'Dept (不許動)'!$S:$V,4,0))) -> 0 | F29: =GLD!$BC48 -> 3 | G29: =GLD!$AT48 -> 0 | H29: =GLD!$AV48 -> 0 | I29: =IF($D29="Embordiary","GLD6",IF(ISNA(VLOOKUP(A29,'GLD分攤(Chad)'!$B$2:$E$572,3,0)),"",(VLOOKUP(A29,'GLD分攤(Chad)'!$B$9:$E$572,3,0)))) -> GLD6 | J29: =IF(E29="HL",0,IF($I29="GLD1+2+3+5+6",$F29*$J$1/SUM($J$1:$V$1),IF($I29="GLD1+2+3",$F29*$J$1/SUM($J$1:$P$1),IF($I29="GLD1+2",$F29*$J$1/SUM($J$1:$M$1),IF($I29="GLD1",$F29,0))))) -> 0 | K29: =IF(E29="HL",IF($I29="GLD1+2+3+5+6",$F29*$J$1/SUM($J$1:$V$1),IF($I29="GLD1+2+3",$F29*$J$1/SUM($J$1:$P$1),IF($I29="GLD1+2",$F29*$J$1/SUM($J$1:$M$1),IF($I29="GLD1",$F29,0)))),0) -> 0 | L29: =IF($I29="GLD1+2+3+5+6",SUM($G29:$H29)*$J$1/SUM($J$1:$V$1),IF($I29="GLD1+2+3",SUM($G29:$H29)*$J$1/SUM($J$1:$P$1),IF($I29="GLD1+2+3",SUM($G29:$H29)*$J$1/SUM($J$1:$P$1),IF($I29="GLD1+2",SUM($G29:$H29)*$J$1/SUM($J$1:$M$1),IF($I29="GLD1",SUM($G29:$H29),0))))) -> 0 | M29: =IF(E29="HL",0,IF($I29="GLD1+2+3+5+6",$F29*$M$1/SUM($J$1:$V$1),IF($I29="GLD1+2+3",$F29*$M$1/SUM($J$1:$P$1),IF($I29="GLD1+2",$F29*$M$1/SUM($J$1:$M$1),IF($I29="GLD2",$F29,0))))) -> 0 | N29: =IF(E29="HL",IF($I29="GLD1+2+3+5+6",$F29*$M$1/SUM($J$1:$V$1),IF($I29="GLD1+2+3",$F29*$M$1/SUM($J$1:$P$1),IF($I29="GLD1+2",$F29*$M$1/SUM($J$1:$M$1),IF($I29="GLD2",$F29,0)))),0) -> 0 | O29: =IF($I29="GLD1+2+3+5+6",SUM($G29:$H29)*$M$1/SUM($J$1:$V$1),IF($I29="GLD1+2+3",SUM($G29:$H29)*$M$1/SUM($J$1:$P$1),IF($I29="GLD1+2+3",SUM($G29:$H29)*$M$1/SUM($J$1:$P$1),IF($I29="GLD1+2",SUM($G29:$H29)*$M$1/SUM($J$1:$M$1),IF($I29="GLD2",SUM($G29:$H29),0))))) -> 0 | P29: =IF(E29="HL",0,IF($I29="GLD1+2+3+5+6",$F29*$P$1/SUM($J$1:$V$1),IF($I29="GLD3+5",$F29*$P$1/SUM($P$1:$S$1),IF($I29="GLD1+2",0,IF($I29="GLD3",$F29,0))))) -> 0 | Q29: =IF(E29="HL",IF($I29="GLD1+2+3+5+6",$F29*$P$1/SUM($J$1:$V$1),IF($I29="GLD3+5",$F29*$P$1/SUM($P$1:$S$1),IF($I29="GLD1+2",0,IF($I29="GLD3",$F29,0)))),0) -> 0 | R29: =IF($I29="GLD1+2+3+5+6",SUM($G29:$H29)*$P$1/SUM($J$1:$V$1),IF($I29="GLD3+5",SUM($G29:$H29)*$P$1/SUM($P$1:$S$1),IF($I29="GLD1+2",0,IF($I29="GLD3",SUM($G29:$H29),0)))) -> 0 | S29: =IF(E29="HL",0,IF($I29="GLD1+2+3+5+6",$F29*$S$1/SUM($J$1:$V$1),IF($I29="GLD3+5",$F29*$S$1/SUM($P$1:$S$1),IF($I29="GLD5",$F29,0)))) -> 0 | T29: =IF(E29="HL",IF($I29="GLD1+2+3+5+6",$F29*$S$1/SUM($J$1:$V$1),IF($I29="GLD3+5",$F29*$S$1/SUM($P$1:$S$1),IF($I29="GLD5",$F29,0))),0) -> 0 | U29: =IF($I29="GLD1+2+3+5+6",SUM($G29:$H29)*$S$1/SUM($J$1:$V$1),IF($I29="GLD3+5",SUM($G29:$H29)*$S$1/SUM($P$1:$S$1),IF($I29="GLD5",SUM($G29:$H29),0))) -> 0 | V29: =IF(E29="HL",0,IF($I29="GLD1+2+3+5+6",$F29*$V$1/SUM($J$1:$V$1),IF($I29="GLD6",$F29,0))) -> 3 | W29: =IF(E29="HL",IF($I29="GLD1+2+3+5+6",$F29*$V$1/SUM($J$1:$V$1),IF($I29="GLD6",$F29,0)),0) -> 0 | X29: =IF($I29="GLD1+2+3+5+6",SUM($G29:$H29)*$V$1/SUM($J$1:$V$1),IF($I29="GLD6",SUM($G29:$H29),0)) -> 0 | Y29: =IF(E29="HL",F29-(K29+N29+Q29+T29+W29),F29-(J29+M29+P29+S29+V29)) -> 0 | Z29: =IF(ABS(SUM(J29:X29)-(F29+G29+H29))>=1,"check","")
A30: =GLD!B49 -> Cutting | B30: =IF(OR(A30=0,LEFT(A30,2)="Mr",LEFT(A30,2)="Ms",LEFT(A30,3)="Sub",LEFT(A30,5)="Grand",RIGHT(A30,3)="by,"),"",IF(ISERROR(MATCH(A30,'Dept (不許動)'!$S:$S,0)),"NO","")) | C30: =IF(A30=0,"",IF(ISNA(VLOOKUP(A30,'Dept (不許動)'!$S:$V,2,0)),"",VLOOKUP(A30,'Dept (不許動)'!$S:$V,2,0))) -> DL | D30: =IF(A30=0,"",IF(ISNA(VLOOKUP(A30,'Dept (不許動)'!$S:$V,3,0)),"",VLOOKUP(A30,'Dept (不許動)'!$S:$V,3,0))) -> Cutting | E30: =IF(A30=0,"",IF(ISNA(VLOOKUP(A30,'Dept (不許動)'!$S:$V,4,0)),"",VLOOKUP(A30,'Dept (不許動)'!$S:$V,4,0))) -> 0 | F30: =GLD!$BC49 -> 146 | G30: =GLD!$AT49 -> 0 | H30: =GLD!$AV49 -> 1 | I30: =IF($D30="Embordiary","GLD6",IF(ISNA(VLOOKUP(A30,'GLD分攤(Chad)'!$B$2:$E$572,3,0)),"",(VLOOKUP(A30,'GLD分攤(Chad)'!$B$9:$E$572,3,0)))) -> GLD1 | J30: =IF(E30="HL",0,IF($I30="GLD1+2+3+5+6",$F30*$J$1/SUM($J$1:$V$1),IF($I30="GLD1+2+3",$F30*$J$1/SUM($J$1:$P$1),IF($I30="GLD1+2",$F30*$J$1/SUM($J$1:$M$1),IF($I30="GLD1",$F30,0))))) -> 146 | K30: =IF(E30="HL",IF($I30="GLD1+2+3+5+6",$F30*$J$1/SUM($J$1:$V$1),IF($I30="GLD1+2+3",$F30*$J$1/SUM($J$1:$P$1),IF($I30="GLD1+2",$F30*$J$1/SUM($J$1:$M$1),IF($I30="GLD1",$F30,0)))),0) -> 0 | L30: =IF($I30="GLD1+2+3+5+6",SUM($G30:$H30)*$J$1/SUM($J$1:$V$1),IF($I30="GLD1+2+3",SUM($G30:$H30)*$J$1/SUM($J$1:$P$1),IF($I30="GLD1+2+3",SUM($G30:$H30)*$J$1/SUM($J$1:$P$1),IF($I30="GLD1+2",SUM($G30:$H30)*$J$1/SUM($J$1:$M$1),IF($I30="GLD1",SUM($G30:$H30),0))))) -> 1 | M30: =IF(E30="HL",0,IF($I30="GLD1+2+3+5+6",$F30*$M$1/SUM($J$1:$V$1),IF($I30="GLD1+2+3",$F30*$M$1/SUM($J$1:$P$1),IF($I30="GLD1+2",$F30*$M$1/SUM($J$1:$M$1),IF($I30="GLD2",$F30,0))))) -> 0 | N30: =IF(E30="HL",IF($I30="GLD1+2+3+5+6",$F30*$M$1/SUM($J$1:$V$1),IF($I30="GLD1+2+3",$F30*$M$1/SUM($J$1:$P$1),IF($I30="GLD1+2",$F30*$M$1/SUM($J$1:$M$1),IF($I30="GLD2",$F30,0)))),0) -> 0 | O30: =IF($I30="GLD1+2+3+5+6",SUM($G30:$H30)*$M$1/SUM($J$1:$V$1),IF($I30="GLD1+2+3",SUM($G30:$H30)*$M$1/SUM($J$1:$P$1),IF($I30="GLD1+2+3",SUM($G30:$H30)*$M$1/SUM($J$1:$P$1),IF($I30="GLD1+2",SUM($G30:$H30)*$M$1/SUM($J$1:$M$1),IF($I30="GLD2",SUM($G30:$H30),0))))) -> 0 | P30: =IF(E30="HL",0,IF($I30="GLD1+2+3+5+6",$F30*$P$1/SUM($J$1:$V$1),IF($I30="GLD3+5",$F30*$P$1/SUM($P$1:$S$1),IF($I30="GLD1+2",0,IF($I30="GLD3",$F30,0))))) -> 0 | Q30: =IF(E30="HL",IF($I30="GLD1+2+3+5+6",$F30*$P$1/SUM($J$1:$V$1),IF($I30="GLD3+5",$F30*$P$1/SUM($P$1:$S$1),IF($I30="GLD1+2",0,IF($I30="GLD3",$F30,0)))),0) -> 0 | R30: =IF($I30="GLD1+2+3+5+6",SUM($G30:$H30)*$P$1/SUM($J$1:$V$1),IF($I30="GLD3+5",SUM($G30:$H30)*$P$1/SUM($P$1:$S$1),IF($I30="GLD1+2",0,IF($I30="GLD3",SUM($G30:$H30),0)))) -> 0 | S30: =IF(E30="HL",0,IF($I30="GLD1+2+3+5+6",$F30*$S$1/SUM($J$1:$V$1),IF($I30="GLD3+5",$F30*$S$1/SUM($P$1:$S$1),IF($I30="GLD5",$F30,0)))) -> 0 | T30: =IF(E30="HL",IF($I30="GLD1+2+3+5+6",$F30*$S$1/SUM($J$1:$V$1),IF($I30="GLD3+5",$F30*$S$1/SUM($P$1:$S$1),IF($I30="GLD5",$F30,0))),0) -> 0 | U30: =IF($I30="GLD1+2+3+5+6",SUM($G30:$H30)*$S$1/SUM($J$1:$V$1),IF($I30="GLD3+5",SUM($G30:$H30)*$S$1/SUM($P$1:$S$1),IF($I30="GLD5",SUM($G30:$H30),0))) -> 0 | V30: =IF(E30="HL",0,IF($I30="GLD1+2+3+5+6",$F30*$V$1/SUM($J$1:$V$1),IF($I30="GLD6",$F30,0))) -> 0 | W30: =IF(E30="HL",IF($I30="GLD1+2+3+5+6",$F30*$V$1/SUM($J$1:$V$1),IF($I30="GLD6",$F30,0)),0) -> 0 | X30: =IF($I30="GLD1+2+3+5+6",SUM($G30:$H30)*$V$1/SUM($J$1:$V$1),IF($I30="GLD6",SUM($G30:$H30),0)) -> 0 | Y30: =IF(E30="HL",F30-(K30+N30+Q30+T30+W30),F30-(J30+M30+P30+S30+V30)) -> 0 | Z30: =IF(ABS(SUM(J30:X30)-(F30+G30+H30))>=1,"check","")
A31: =GLD!B50 -> Cutting/staff | B31: =IF(OR(A31=0,LEFT(A31,2)="Mr",LEFT(A31,2)="Ms",LEFT(A31,3)="Sub",LEFT(A31,5)="Grand",RIGHT(A31,3)="by,"),"",IF(ISERROR(MATCH(A31,'Dept (不許動)'!$S:$S,0)),"NO","")) | C31: =IF(A31=0,"",IF(ISNA(VLOOKUP(A31,'Dept (不許動)'!$S:$V,2,0)),"",VLOOKUP(A31,'Dept (不許動)'!$S:$V,2,0))) -> IDL | D31: =IF(A31=0,"",IF(ISNA(VLOOKUP(A31,'Dept (不許動)'!$S:$V,3,0)),"",VLOOKUP(A31,'Dept (不許動)'!$S:$V,3,0))) -> IDL Cutting | E31: =IF(A31=0,"",IF(ISNA(VLOOKUP(A31,'Dept (不許動)'!$S:$V,4,0)),"",VLOOKUP(A31,'Dept (不許動)'!$S:$V,4,0))) -> 0 | F31: =GLD!$BC50 -> 6 | G31: =GLD!$AT50 -> 0 | H31: =GLD!$AV50 -> 0 | I31: =IF($D31="Embordiary","GLD6",IF(ISNA(VLOOKUP(A31,'GLD分攤(Chad)'!$B$2:$E$572,3,0)),"",(VLOOKUP(A31,'GLD分攤(Chad)'!$B$9:$E$572,3,0)))) -> GLD1 | J31: =IF(E31="HL",0,IF($I31="GLD1+2+3+5+6",$F31*$J$1/SUM($J$1:$V$1),IF($I31="GLD1+2+3",$F31*$J$1/SUM($J$1:$P$1),IF($I31="GLD1+2",$F31*$J$1/SUM($J$1:$M$1),IF($I31="GLD1",$F31,0))))) -> 6 | K31: =IF(E31="HL",IF($I31="GLD1+2+3+5+6",$F31*$J$1/SUM($J$1:$V$1),IF($I31="GLD1+2+3",$F31*$J$1/SUM($J$1:$P$1),IF($I31="GLD1+2",$F31*$J$1/SUM($J$1:$M$1),IF($I31="GLD1",$F31,0)))),0) -> 0 | L31: =IF($I31="GLD1+2+3+5+6",SUM($G31:$H31)*$J$1/SUM($J$1:$V$1),IF($I31="GLD1+2+3",SUM($G31:$H31)*$J$1/SUM($J$1:$P$1),IF($I31="GLD1+2+3",SUM($G31:$H31)*$J$1/SUM($J$1:$P$1),IF($I31="GLD1+2",SUM($G31:$H31)*$J$1/SUM($J$1:$M$1),IF($I31="GLD1",SUM($G31:$H31),0))))) -> 0 | M31: =IF(E31="HL",0,IF($I31="GLD1+2+3+5+6",$F31*$M$1/SUM($J$1:$V$1),IF($I31="GLD1+2+3",$F31*$M$1/SUM($J$1:$P$1),IF($I31="GLD1+2",$F31*$M$1/SUM($J$1:$M$1),IF($I31="GLD2",$F31,0))))) -> 0 | N31: =IF(E31="HL",IF($I31="GLD1+2+3+5+6",$F31*$M$1/SUM($J$1:$V$1),IF($I31="GLD1+2+3",$F31*$M$1/SUM($J$1:$P$1),IF($I31="GLD1+2",$F31*$M$1/SUM($J$1:$M$1),IF($I31="GLD2",$F31,0)))),0) -> 0 | O31: =IF($I31="GLD1+2+3+5+6",SUM($G31:$H31)*$M$1/SUM($J$1:$V$1),IF($I31="GLD1+2+3",SUM($G31:$H31)*$M$1/SUM($J$1:$P$1),IF($I31="GLD1+2+3",SUM($G31:$H31)*$M$1/SUM($J$1:$P$1),IF($I31="GLD1+2",SUM($G31:$H31)*$M$1/SUM($J$1:$M$1),IF($I31="GLD2",SUM($G31:$H31),0))))) -> 0 | P31: =IF(E31="HL",0,IF($I31="GLD1+2+3+5+6",$F31*$P$1/SUM($J$1:$V$1),IF($I31="GLD3+5",$F31*$P$1/SUM($P$1:$S$1),IF($I31="GLD1+2",0,IF($I31="GLD3",$F31,0))))) -> 0 | Q31: =IF(E31="HL",IF($I31="GLD1+2+3+5+6",$F31*$P$1/SUM($J$1:$V$1),IF($I31="GLD3+5",$F31*$P$1/SUM($P$1:$S$1),IF($I31="GLD1+2",0,IF($I31="GLD3",$F31,0)))),0) -> 0 | R31: =IF($I31="GLD1+2+3+5+6",SUM($G31:$H31)*$P$1/SUM($J$1:$V$1),IF($I31="GLD3+5",SUM($G31:$H31)*$P$1/SUM($P$1:$S$1),IF($I31="GLD1+2",0,IF($I31="GLD3",SUM($G31:$H31),0)))) -> 0 | S31: =IF(E31="HL",0,IF($I31="GLD1+2+3+5+6",$F31*$S$1/SUM($J$1:$V$1),IF($I31="GLD3+5",$F31*$S$1/SUM($P$1:$S$1),IF($I31="GLD5",$F31,0)))) -> 0 | T31: =IF(E31="HL",IF($I31="GLD1+2+3+5+6",$F31*$S$1/SUM($J$1:$V$1),IF($I31="GLD3+5",$F31*$S$1/SUM($P$1:$S$1),IF($I31="GLD5",$F31,0))),0) -> 0 | U31: =IF($I31="GLD1+2+3+5+6",SUM($G31:$H31)*$S$1/SUM($J$1:$V$1),IF($I31="GLD3+5",SUM($G31:$H31)*$S$1/SUM($P$1:$S$1),IF($I31="GLD5",SUM($G31:$H31),0))) -> 0 | V31: =IF(E31="HL",0,IF($I31="GLD1+2+3+5+6",$F31*$V$1/SUM($J$1:$V$1),IF($I31="GLD6",$F31,0))) -> 0 | W31: =IF(E31="HL",IF($I31="GLD1+2+3+5+6",$F31*$V$1/SUM($J$1:$V$1),IF($I31="GLD6",$F31,0)),0) -> 0 | X31: =IF($I31="GLD1+2+3+5+6",SUM($G31:$H31)*$V$1/SUM($J$1:$V$1),IF($I31="GLD6",SUM($G31:$H31),0)) -> 0 | Y31: =IF(E31="HL",F31-(K31+N31+Q31+T31+W31),F31-(J31+M31+P31+S31+V31)) -> 0 | Z31: =IF(ABS(SUM(J31:X31)-(F31+G31+H31))>=1,"check","")
A32: =GLD!B51 -> Cutting - 2 | B32: =IF(OR(A32=0,LEFT(A32,2)="Mr",LEFT(A32,2)="Ms",LEFT(A32,3)="Sub",LEFT(A32,5)="Grand",RIGHT(A32,3)="by,"),"",IF(ISERROR(MATCH(A32,'Dept (不許動)'!$S:$S,0)),"NO","")) | C32: =IF(A32=0,"",IF(ISNA(VLOOKUP(A32,'Dept (不許動)'!$S:$V,2,0)),"",VLOOKUP(A32,'Dept (不許動)'!$S:$V,2,0))) -> DL | D32: =IF(A32=0,"",IF(ISNA(VLOOKUP(A32,'Dept (不許動)'!$S:$V,3,0)),"",VLOOKUP(A32,'Dept (不許動)'!$S:$V,3,0))) -> Cutting | E32: =IF(A32=0,"",IF(ISNA(VLOOKUP(A32,'Dept (不許動)'!$S:$V,4,0)),"",VLOOKUP(A32,'Dept (不許動)'!$S:$V,4,0))) -> 0 | F32: =GLD!$BC51 -> 143 | G32: =GLD!$AT51 -> 0 | H32: =GLD!$AV51 -> 1 | I32: =IF($D32="Embordiary","GLD6",IF(ISNA(VLOOKUP(A32,'GLD分攤(Chad)'!$B$2:$E$572,3,0)),"",(VLOOKUP(A32,'GLD分攤(Chad)'!$B$9:$E$572,3,0)))) -> GLD2 | J32: =IF(E32="HL",0,IF($I32="GLD1+2+3+5+6",$F32*$J$1/SUM($J$1:$V$1),IF($I32="GLD1+2+3",$F32*$J$1/SUM($J$1:$P$1),IF($I32="GLD1+2",$F32*$J$1/SUM($J$1:$M$1),IF($I32="GLD1",$F32,0))))) -> 0 | K32: =IF(E32="HL",IF($I32="GLD1+2+3+5+6",$F32*$J$1/SUM($J$1:$V$1),IF($I32="GLD1+2+3",$F32*$J$1/SUM($J$1:$P$1),IF($I32="GLD1+2",$F32*$J$1/SUM($J$1:$M$1),IF($I32="GLD1",$F32,0)))),0) -> 0 | L32: =IF($I32="GLD1+2+3+5+6",SUM($G32:$H32)*$J$1/SUM($J$1:$V$1),IF($I32="GLD1+2+3",SUM($G32:$H32)*$J$1/SUM($J$1:$P$1),IF($I32="GLD1+2+3",SUM($G32:$H32)*$J$1/SUM($J$1:$P$1),IF($I32="GLD1+2",SUM($G32:$H32)*$J$1/SUM($J$1:$M$1),IF($I32="GLD1",SUM($G32:$H32),0))))) -> 0 | M32: =IF(E32="HL",0,IF($I32="GLD1+2+3+5+6",$F32*$M$1/SUM($J$1:$V$1),IF($I32="GLD1+2+3",$F32*$M$1/SUM($J$1:$P$1),IF($I32="GLD1+2",$F32*$M$1/SUM($J$1:$M$1),IF($I32="GLD2",$F32,0))))) -> 143 | N32: =IF(E32="HL",IF($I32="GLD1+2+3+5+6",$F32*$M$1/SUM($J$1:$V$1),IF($I32="GLD1+2+3",$F32*$M$1/SUM($J$1:$P$1),IF($I32="GLD1+2",$F32*$M$1/SUM($J$1:$M$1),IF($I32="GLD2",$F32,0)))),0) -> 0 | O32: =IF($I32="GLD1+2+3+5+6",SUM($G32:$H32)*$M$1/SUM($J$1:$V$1),IF($I32="GLD1+2+3",SUM($G32:$H32)*$M$1/SUM($J$1:$P$1),IF($I32="GLD1+2+3",SUM($G32:$H32)*$M$1/SUM($J$1:$P$1),IF($I32="GLD1+2",SUM($G32:$H32)*$M$1/SUM($J$1:$M$1),IF($I32="GLD2",SUM($G32:$H32),0))))) -> 1 | P32: =IF(E32="HL",0,IF($I32="GLD1+2+3+5+6",$F32*$P$1/SUM($J$1:$V$1),IF($I32="GLD3+5",$F32*$P$1/SUM($P$1:$S$1),IF($I32="GLD1+2",0,IF($I32="GLD3",$F32,0))))) -> 0 | Q32: =IF(E32="HL",IF($I32="GLD1+2+3+5+6",$F32*$P$1/SUM($J$1:$V$1),IF($I32="GLD3+5",$F32*$P$1/SUM($P$1:$S$1),IF($I32="GLD1+2",0,IF($I32="GLD3",$F32,0)))),0) -> 0 | R32: =IF($I32="GLD1+2+3+5+6",SUM($G32:$H32)*$P$1/SUM($J$1:$V$1),IF($I32="GLD3+5",SUM($G32:$H32)*$P$1/SUM($P$1:$S$1),IF($I32="GLD1+2",0,IF($I32="GLD3",SUM($G32:$H32),0)))) -> 0 | S32: =IF(E32="HL",0,IF($I32="GLD1+2+3+5+6",$F32*$S$1/SUM($J$1:$V$1),IF($I32="GLD3+5",$F32*$S$1/SUM($P$1:$S$1),IF($I32="GLD5",$F32,0)))) -> 0 | T32: =IF(E32="HL",IF($I32="GLD1+2+3+5+6",$F32*$S$1/SUM($J$1:$V$1),IF($I32="GLD3+5",$F32*$S$1/SUM($P$1:$S$1),IF($I32="GLD5",$F32,0))),0) -> 0 | U32: =IF($I32="GLD1+2+3+5+6",SUM($G32:$H32)*$S$1/SUM($J$1:$V$1),IF($I32="GLD3+5",SUM($G32:$H32)*$S$1/SUM($P$1:$S$1),IF($I32="GLD5",SUM($G32:$H32),0))) -> 0 | V32: =IF(E32="HL",0,IF($I32="GLD1+2+3+5+6",$F32*$V$1/SUM($J$1:$V$1),IF($I32="GLD6",$F32,0))) -> 0 | W32: =IF(E32="HL",IF($I32="GLD1+2+3+5+6",$F32*$V$1/SUM($J$1:$V$1),IF($I32="GLD6",$F32,0)),0) -> 0 | X32: =IF($I32="GLD1+2+3+5+6",SUM($G32:$H32)*$V$1/SUM($J$1:$V$1),IF($I32="GLD6",SUM($G32:$H32),0)) -> 0 | Y32: =IF(E32="HL",F32-(K32+N32+Q32+T32+W32),F32-(J32+M32+P32+S32+V32)) -> 0 | Z32: =IF(ABS(SUM(J32:X32)-(F32+G32+H32))>=1,"check","")
A33: =GLD!B52 -> Cutting/staff -2 | B33: =IF(OR(A33=0,LEFT(A33,2)="Mr",LEFT(A33,2)="Ms",LEFT(A33,3)="Sub",LEFT(A33,5)="Grand",RIGHT(A33,3)="by,"),"",IF(ISERROR(MATCH(A33,'Dept (不許動)'!$S:$S,0)),"NO","")) | C33: =IF(A33=0,"",IF(ISNA(VLOOKUP(A33,'Dept (不許動)'!$S:$V,2,0)),"",VLOOKUP(A33,'Dept (不許動)'!$S:$V,2,0))) -> IDL | D33: =IF(A33=0,"",IF(ISNA(VLOOKUP(A33,'Dept (不許動)'!$S:$V,3,0)),"",VLOOKUP(A33,'Dept (不許動)'!$S:$V,3,0))) -> IDL Cutting | E33: =IF(A33=0,"",IF(ISNA(VLOOKUP(A33,'Dept (不許動)'!$S:$V,4,0)),"",VLOOKUP(A33,'Dept (不許動)'!$S:$V,4,0))) -> 0 | F33: =GLD!$BC52 -> 4 | G33: =GLD!$AT52 -> 0 | H33: =GLD!$AV52 -> 0 | I33: =IF($D33="Embordiary","GLD6",IF(ISNA(VLOOKUP(A33,'GLD分攤(Chad)'!$B$2:$E$572,3,0)),"",(VLOOKUP(A33,'GLD分攤(Chad)'!$B$9:$E$572,3,0)))) -> GLD2 | J33: =IF(E33="HL",0,IF($I33="GLD1+2+3+5+6",$F33*$J$1/SUM($J$1:$V$1),IF($I33="GLD1+2+3",$F33*$J$1/SUM($J$1:$P$1),IF($I33="GLD1+2",$F33*$J$1/SUM($J$1:$M$1),IF($I33="GLD1",$F33,0))))) -> 0 | K33: =IF(E33="HL",IF($I33="GLD1+2+3+5+6",$F33*$J$1/SUM($J$1:$V$1),IF($I33="GLD1+2+3",$F33*$J$1/SUM($J$1:$P$1),IF($I33="GLD1+2",$F33*$J$1/SUM($J$1:$M$1),IF($I33="GLD1",$F33,0)))),0) -> 0 | L33: =IF($I33="GLD1+2+3+5+6",SUM($G33:$H33)*$J$1/SUM($J$1:$V$1),IF($I33="GLD1+2+3",SUM($G33:$H33)*$J$1/SUM($J$1:$P$1),IF($I33="GLD1+2+3",SUM($G33:$H33)*$J$1/SUM($J$1:$P$1),IF($I33="GLD1+2",SUM($G33:$H33)*$J$1/SUM($J$1:$M$1),IF($I33="GLD1",SUM($G33:$H33),0))))) -> 0 | M33: =IF(E33="HL",0,IF($I33="GLD1+2+3+5+6",$F33*$M$1/SUM($J$1:$V$1),IF($I33="GLD1+2+3",$F33*$M$1/SUM($J$1:$P$1),IF($I33="GLD1+2",$F33*$M$1/SUM($J$1:$M$1),IF($I33="GLD2",$F33,0))))) -> 4 | N33: =IF(E33="HL",IF($I33="GLD1+2+3+5+6",$F33*$M$1/SUM($J$1:$V$1),IF($I33="GLD1+2+3",$F33*$M$1/SUM($J$1:$P$1),IF($I33="GLD1+2",$F33*$M$1/SUM($J$1:$M$1),IF($I33="GLD2",$F33,0)))),0) -> 0 | O33: =IF($I33="GLD1+2+3+5+6",SUM($G33:$H33)*$M$1/SUM($J$1:$V$1),IF($I33="GLD1+2+3",SUM($G33:$H33)*$M$1/SUM($J$1:$P$1),IF($I33="GLD1+2+3",SUM($G33:$H33)*$M$1/SUM($J$1:$P$1),IF($I33="GLD1+2",SUM($G33:$H33)*$M$1/SUM($J$1:$M$1),IF($I33="GLD2",SUM($G33:$H33),0))))) -> 0 | P33: =IF(E33="HL",0,IF($I33="GLD1+2+3+5+6",$F33*$P$1/SUM($J$1:$V$1),IF($I33="GLD3+5",$F33*$P$1/SUM($P$1:$S$1),IF($I33="GLD1+2",0,IF($I33="GLD3",$F33,0))))) -> 0 | Q33: =IF(E33="HL",IF($I33="GLD1+2+3+5+6",$F33*$P$1/SUM($J$1:$V$1),IF($I33="GLD3+5",$F33*$P$1/SUM($P$1:$S$1),IF($I33="GLD1+2",0,IF($I33="GLD3",$F33,0)))),0) -> 0 | R33: =IF($I33="GLD1+2+3+5+6",SUM($G33:$H33)*$P$1/SUM($J$1:$V$1),IF($I33="GLD3+5",SUM($G33:$H33)*$P$1/SUM($P$1:$S$1),IF($I33="GLD1+2",0,IF($I33="GLD3",SUM($G33:$H33),0)))) -> 0 | S33: =IF(E33="HL",0,IF($I33="GLD1+2+3+5+6",$F33*$S$1/SUM($J$1:$V$1),IF($I33="GLD3+5",$F33*$S$1/SUM($P$1:$S$1),IF($I33="GLD5",$F33,0)))) -> 0 | T33: =IF(E33="HL",IF($I33="GLD1+2+3+5+6",$F33*$S$1/SUM($J$1:$V$1),IF($I33="GLD3+5",$F33*$S$1/SUM($P$1:$S$1),IF($I33="GLD5",$F33,0))),0) -> 0 | U33: =IF($I33="GLD1+2+3+5+6",SUM($G33:$H33)*$S$1/SUM($J$1:$V$1),IF($I33="GLD3+5",SUM($G33:$H33)*$S$1/SUM($P$1:$S$1),IF($I33="GLD5",SUM($G33:$H33),0))) -> 0 | V33: =IF(E33="HL",0,IF($I33="GLD1+2+3+5+6",$F33*$V$1/SUM($J$1:$V$1),IF($I33="GLD6",$F33,0))) -> 0 | W33: =IF(E33="HL",IF($I33="GLD1+2+3+5+6",$F33*$V$1/SUM($J$1:$V$1),IF($I33="GLD6",$F33,0)),0) -> 0 | X33: =IF($I33="GLD1+2+3+5+6",SUM($G33:$H33)*$V$1/SUM($J$1:$V$1),IF($I33="GLD6",SUM($G33:$H33),0)) -> 0 | Y33: =IF(E33="HL",F33-(K33+N33+Q33+T33+W33),F33-(J33+M33+P33+S33+V33)) -> 0 | Z33: =IF(ABS(SUM(J33:X33)-(F33+G33+H33))>=1,"check","")
A34: =GLD!B53 -> Cutting-3 | B34: =IF(OR(A34=0,LEFT(A34,2)="Mr",LEFT(A34,2)="Ms",LEFT(A34,3)="Sub",LEFT(A34,5)="Grand",RIGHT(A34,3)="by,"),"",IF(ISERROR(MATCH(A34,'Dept (不許動)'!$S:$S,0)),"NO","")) | C34: =IF(A34=0,"",IF(ISNA(VLOOKUP(A34,'Dept (不許動)'!$S:$V,2,0)),"",VLOOKUP(A34,'Dept (不許動)'!$S:$V,2,0))) -> DL | D34: =IF(A34=0,"",IF(ISNA(VLOOKUP(A34,'Dept (不許動)'!$S:$V,3,0)),"",VLOOKUP(A34,'Dept (不許動)'!$S:$V,3,0))) -> Cutting | E34: =IF(A34=0,"",IF(ISNA(VLOOKUP(A34,'Dept (不許動)'!$S:$V,4,0)),"",VLOOKUP(A34,'Dept (不許動)'!$S:$V,4,0))) -> 0 | F34: =GLD!$BC53 -> 60 | G34: =GLD!$AT53 -> 0 | H34: =GLD!$AV53 -> 0 | I34: =IF($D34="Embordiary","GLD6",IF(ISNA(VLOOKUP(A34,'GLD分攤(Chad)'!$B$2:$E$572,3,0)),"",(VLOOKUP(A34,'GLD分攤(Chad)'!$B$9:$E$572,3,0)))) -> GLD3 | J34: =IF(E34="HL",0,IF($I34="GLD1+2+3+5+6",$F34*$J$1/SUM($J$1:$V$1),IF($I34="GLD1+2+3",$F34*$J$1/SUM($J$1:$P$1),IF($I34="GLD1+2",$F34*$J$1/SUM($J$1:$M$1),IF($I34="GLD1",$F34,0))))) -> 0 | K34: =IF(E34="HL",IF($I34="GLD1+2+3+5+6",$F34*$J$1/SUM($J$1:$V$1),IF($I34="GLD1+2+3",$F34*$J$1/SUM($J$1:$P$1),IF($I34="GLD1+2",$F34*$J$1/SUM($J$1:$M$1),IF($I34="GLD1",$F34,0)))),0) -> 0 | L34: =IF($I34="GLD1+2+3+5+6",SUM($G34:$H34)*$J$1/SUM($J$1:$V$1),IF($I34="GLD1+2+3",SUM($G34:$H34)*$J$1/SUM($J$1:$P$1),IF($I34="GLD1+2+3",SUM($G34:$H34)*$J$1/SUM($J$1:$P$1),IF($I34="GLD1+2",SUM($G34:$H34)*$J$1/SUM($J$1:$M$1),IF($I34="GLD1",SUM($G34:$H34),0))))) -> 0 | M34: =IF(E34="HL",0,IF($I34="GLD1+2+3+5+6",$F34*$M$1/SUM($J$1:$V$1),IF($I34="GLD1+2+3",$F34*$M$1/SUM($J$1:$P$1),IF($I34="GLD1+2",$F34*$M$1/SUM($J$1:$M$1),IF($I34="GLD2",$F34,0))))) -> 0 | N34: =IF(E34="HL",IF($I34="GLD1+2+3+5+6",$F34*$M$1/SUM($J$1:$V$1),IF($I34="GLD1+2+3",$F34*$M$1/SUM($J$1:$P$1),IF($I34="GLD1+2",$F34*$M$1/SUM($J$1:$M$1),IF($I34="GLD2",$F34,0)))),0) -> 0 | O34: =IF($I34="GLD1+2+3+5+6",SUM($G34:$H34)*$M$1/SUM($J$1:$V$1),IF($I34="GLD1+2+3",SUM($G34:$H34)*$M$1/SUM($J$1:$P$1),IF($I34="GLD1+2+3",SUM($G34:$H34)*$M$1/SUM($J$1:$P$1),IF($I34="GLD1+2",SUM($G34:$H34)*$M$1/SUM($J$1:$M$1),IF($I34="GLD2",SUM($G34:$H34),0))))) -> 0 | P34: =IF(E34="HL",0,IF($I34="GLD1+2+3+5+6",$F34*$P$1/SUM($J$1:$V$1),IF($I34="GLD3+5",$F34*$P$1/SUM($P$1:$S$1),IF($I34="GLD1+2",0,IF($I34="GLD3",$F34,0))))) -> 60 | Q34: =IF(E34="HL",IF($I34="GLD1+2+3+5+6",$F34*$P$1/SUM($J$1:$V$1),IF($I34="GLD3+5",$F34*$P$1/SUM($P$1:$S$1),IF($I34="GLD1+2",0,IF($I34="GLD3",$F34,0)))),0) -> 0 | R34: =IF($I34="GLD1+2+3+5+6",SUM($G34:$H34)*$P$1/SUM($J$1:$V$1),IF($I34="GLD3+5",SUM($G34:$H34)*$P$1/SUM($P$1:$S$1),IF($I34="GLD1+2",0,IF($I34="GLD3",SUM($G34:$H34),0)))) -> 0 | S34: =IF(E34="HL",0,IF($I34="GLD1+2+3+5+6",$F34*$S$1/SUM($J$1:$V$1),IF($I34="GLD3+5",$F34*$S$1/SUM($P$1:$S$1),IF($I34="GLD5",$F34,0)))) -> 0 | T34: =IF(E34="HL",IF($I34="GLD1+2+3+5+6",$F34*$S$1/SUM($J$1:$V$1),IF($I34="GLD3+5",$F34*$S$1/SUM($P$1:$S$1),IF($I34="GLD5",$F34,0))),0) -> 0 | U34: =IF($I34="GLD1+2+3+5+6",SUM($G34:$H34)*$S$1/SUM($J$1:$V$1),IF($I34="GLD3+5",SUM($G34:$H34)*$S$1/SUM($P$1:$S$1),IF($I34="GLD5",SUM($G34:$H34),0))) -> 0 | V34: =IF(E34="HL",0,IF($I34="GLD1+2+3+5+6",$F34*$V$1/SUM($J$1:$V$1),IF($I34="GLD6",$F34,0))) -> 0 | W34: =IF(E34="HL",IF($I34="GLD1+2+3+5+6",$F34*$V$1/SUM($J$1:$V$1),IF($I34="GLD6",$F34,0)),0) -> 0 | X34: =IF($I34="GLD1+2+3+5+6",SUM($G34:$H34)*$V$1/SUM($J$1:$V$1),IF($I34="GLD6",SUM($G34:$H34),0)) -> 0 | Y34: =IF(E34="HL",F34-(K34+N34+Q34+T34+W34),F34-(J34+M34+P34+S34+V34)) -> 0 | Z34: =IF(ABS(SUM(J34:X34)-(F34+G34+H34))>=1,"check","")
A35: =GLD!B54 -> Cutting/staff 3 | B35: =IF(OR(A35=0,LEFT(A35,2)="Mr",LEFT(A35,2)="Ms",LEFT(A35,3)="Sub",LEFT(A35,5)="Grand",RIGHT(A35,3)="by,"),"",IF(ISERROR(MATCH(A35,'Dept (不許動)'!$S:$S,0)),"NO","")) | C35: =IF(A35=0,"",IF(ISNA(VLOOKUP(A35,'Dept (不許動)'!$S:$V,2,0)),"",VLOOKUP(A35,'Dept (不許動)'!$S:$V,2,0))) -> IDL | D35: =IF(A35=0,"",IF(ISNA(VLOOKUP(A35,'Dept (不許動)'!$S:$V,3,0)),"",VLOOKUP(A35,'Dept (不許動)'!$S:$V,3,0))) -> IDL Cutting | E35: =IF(A35=0,"",IF(ISNA(VLOOKUP(A35,'Dept (不許動)'!$S:$V,4,0)),"",VLOOKUP(A35,'Dept (不許動)'!$S:$V,4,0))) -> 0 | F35: =GLD!$BC54 -> 3 | G35: =GLD!$AT54 -> 0 | H35: =GLD!$AV54 -> 0 | I35: =IF($D35="Embordiary","GLD6",IF(ISNA(VLOOKUP(A35,'GLD分攤(Chad)'!$B$2:$E$572,3,0)),"",(VLOOKUP(A35,'GLD分攤(Chad)'!$B$9:$E$572,3,0)))) -> GLD3 | J35: =IF(E35="HL",0,IF($I35="GLD1+2+3+5+6",$F35*$J$1/SUM($J$1:$V$1),IF($I35="GLD1+2+3",$F35*$J$1/SUM($J$1:$P$1),IF($I35="GLD1+2",$F35*$J$1/SUM($J$1:$M$1),IF($I35="GLD1",$F35,0))))) -> 0 | K35: =IF(E35="HL",IF($I35="GLD1+2+3+5+6",$F35*$J$1/SUM($J$1:$V$1),IF($I35="GLD1+2+3",$F35*$J$1/SUM($J$1:$P$1),IF($I35="GLD1+2",$F35*$J$1/SUM($J$1:$M$1),IF($I35="GLD1",$F35,0)))),0) -> 0 | L35: =IF($I35="GLD1+2+3+5+6",SUM($G35:$H35)*$J$1/SUM($J$1:$V$1),IF($I35="GLD1+2+3",SUM($G35:$H35)*$J$1/SUM($J$1:$P$1),IF($I35="GLD1+2+3",SUM($G35:$H35)*$J$1/SUM($J$1:$P$1),IF($I35="GLD1+2",SUM($G35:$H35)*$J$1/SUM($J$1:$M$1),IF($I35="GLD1",SUM($G35:$H35),0))))) -> 0 | M35: =IF(E35="HL",0,IF($I35="GLD1+2+3+5+6",$F35*$M$1/SUM($J$1:$V$1),IF($I35="GLD1+2+3",$F35*$M$1/SUM($J$1:$P$1),IF($I35="GLD1+2",$F35*$M$1/SUM($J$1:$M$1),IF($I35="GLD2",$F35,0))))) -> 0 | N35: =IF(E35="HL",IF($I35="GLD1+2+3+5+6",$F35*$M$1/SUM($J$1:$V$1),IF($I35="GLD1+2+3",$F35*$M$1/SUM($J$1:$P$1),IF($I35="GLD1+2",$F35*$M$1/SUM($J$1:$M$1),IF($I35="GLD2",$F35,0)))),0) -> 0 | O35: =IF($I35="GLD1+2+3+5+6",SUM($G35:$H35)*$M$1/SUM($J$1:$V$1),IF($I35="GLD1+2+3",SUM($G35:$H35)*$M$1/SUM($J$1:$P$1),IF($I35="GLD1+2+3",SUM($G35:$H35)*$M$1/SUM($J$1:$P$1),IF($I35="GLD1+2",SUM($G35:$H35)*$M$1/SUM($J$1:$M$1),IF($I35="GLD2",SUM($G35:$H35),0))))) -> 0 | P35: =IF(E35="HL",0,IF($I35="GLD1+2+3+5+6",$F35*$P$1/SUM($J$1:$V$1),IF($I35="GLD3+5",$F35*$P$1/SUM($P$1:$S$1),IF($I35="GLD1+2",0,IF($I35="GLD3",$F35,0))))) -> 3 | Q35: =IF(E35="HL",IF($I35="GLD1+2+3+5+6",$F35*$P$1/SUM($J$1:$V$1),IF($I35="GLD3+5",$F35*$P$1/SUM($P$1:$S$1),IF($I35="GLD1+2",0,IF($I35="GLD3",$F35,0)))),0) -> 0 | R35: =IF($I35="GLD1+2+3+5+6",SUM($G35:$H35)*$P$1/SUM($J$1:$V$1),IF($I35="GLD3+5",SUM($G35:$H35)*$P$1/SUM($P$1:$S$1),IF($I35="GLD1+2",0,IF($I35="GLD3",SUM($G35:$H35),0)))) -> 0 | S35: =IF(E35="HL",0,IF($I35="GLD1+2+3+5+6",$F35*$S$1/SUM($J$1:$V$1),IF($I35="GLD3+5",$F35*$S$1/SUM($P$1:$S$1),IF($I35="GLD5",$F35,0)))) -> 0 | T35: =IF(E35="HL",IF($I35="GLD1+2+3+5+6",$F35*$S$1/SUM($J$1:$V$1),IF($I35="GLD3+5",$F35*$S$1/SUM($P$1:$S$1),IF($I35="GLD5",$F35,0))),0) -> 0 | U35: =IF($I35="GLD1+2+3+5+6",SUM($G35:$H35)*$S$1/SUM($J$1:$V$1),IF($I35="GLD3+5",SUM($G35:$H35)*$S$1/SUM($P$1:$S$1),IF($I35="GLD5",SUM($G35:$H35),0))) -> 0 | V35: =IF(E35="HL",0,IF($I35="GLD1+2+3+5+6",$F35*$V$1/SUM($J$1:$V$1),IF($I35="GLD6",$F35,0))) -> 0 | W35: =IF(E35="HL",IF($I35="GLD1+2+3+5+6",$F35*$V$1/SUM($J$1:$V$1),IF($I35="GLD6",$F35,0)),0) -> 0 | X35: =IF($I35="GLD1+2+3+5+6",SUM($G35:$H35)*$V$1/SUM($J$1:$V$1),IF($I35="GLD6",SUM($G35:$H35),0)) -> 0 | Y35: =IF(E35="HL",F35-(K35+N35+Q35+T35+W35),F35-(J35+M35+P35+S35+V35)) -> 0 | Z35: =IF(ABS(SUM(J35:X35)-(F35+G35+H35))>=1,"check","")
A36: =GLD!B55 -> Cutting -5 | B36: =IF(OR(A36=0,LEFT(A36,2)="Mr",LEFT(A36,2)="Ms",LEFT(A36,3)="Sub",LEFT(A36,5)="Grand",RIGHT(A36,3)="by,"),"",IF(ISERROR(MATCH(A36,'Dept (不許動)'!$S:$S,0)),"NO","")) | C36: =IF(A36=0,"",IF(ISNA(VLOOKUP(A36,'Dept (不許動)'!$S:$V,2,0)),"",VLOOKUP(A36,'Dept (不許動)'!$S:$V,2,0))) -> DL | D36: =IF(A36=0,"",IF(ISNA(VLOOKUP(A36,'Dept (不許動)'!$S:$V,3,0)),"",VLOOKUP(A36,'Dept (不許動)'!$S:$V,3,0))) -> Cutting | E36: =IF(A36=0,"",IF(ISNA(VLOOKUP(A36,'Dept (不許動)'!$S:$V,4,0)),"",VLOOKUP(A36,'Dept (不許動)'!$S:$V,4,0))) -> 0 | F36: =GLD!$BC55 -> 104 | G36: =GLD!$AT55 -> 0 | H36: =GLD!$AV55 -> 0 | I36: =IF($D36="Embordiary","GLD6",IF(ISNA(VLOOKUP(A36,'GLD分攤(Chad)'!$B$2:$E$572,3,0)),"",(VLOOKUP(A36,'GLD分攤(Chad)'!$B$9:$E$572,3,0)))) -> GLD5 | J36: =IF(E36="HL",0,IF($I36="GLD1+2+3+5+6",$F36*$J$1/SUM($J$1:$V$1),IF($I36="GLD1+2+3",$F36*$J$1/SUM($J$1:$P$1),IF($I36="GLD1+2",$F36*$J$1/SUM($J$1:$M$1),IF($I36="GLD1",$F36,0))))) -> 0 | K36: =IF(E36="HL",IF($I36="GLD1+2+3+5+6",$F36*$J$1/SUM($J$1:$V$1),IF($I36="GLD1+2+3",$F36*$J$1/SUM($J$1:$P$1),IF($I36="GLD1+2",$F36*$J$1/SUM($J$1:$M$1),IF($I36="GLD1",$F36,0)))),0) -> 0 | L36: =IF($I36="GLD1+2+3+5+6",SUM($G36:$H36)*$J$1/SUM($J$1:$V$1),IF($I36="GLD1+2+3",SUM($G36:$H36)*$J$1/SUM($J$1:$P$1),IF($I36="GLD1+2+3",SUM($G36:$H36)*$J$1/SUM($J$1:$P$1),IF($I36="GLD1+2",SUM($G36:$H36)*$J$1/SUM($J$1:$M$1),IF($I36="GLD1",SUM($G36:$H36),0))))) -> 0 | M36: =IF(E36="HL",0,IF($I36="GLD1+2+3+5+6",$F36*$M$1/SUM($J$1:$V$1),IF($I36="GLD1+2+3",$F36*$M$1/SUM($J$1:$P$1),IF($I36="GLD1+2",$F36*$M$1/SUM($J$1:$M$1),IF($I36="GLD2",$F36,0))))) -> 0 | N36: =IF(E36="HL",IF($I36="GLD1+2+3+5+6",$F36*$M$1/SUM($J$1:$V$1),IF($I36="GLD1+2+3",$F36*$M$1/SUM($J$1:$P$1),IF($I36="GLD1+2",$F36*$M$1/SUM($J$1:$M$1),IF($I36="GLD2",$F36,0)))),0) -> 0 | O36: =IF($I36="GLD1+2+3+5+6",SUM($G36:$H36)*$M$1/SUM($J$1:$V$1),IF($I36="GLD1+2+3",SUM($G36:$H36)*$M$1/SUM($J$1:$P$1),IF($I36="GLD1+2+3",SUM($G36:$H36)*$M$1/SUM($J$1:$P$1),IF($I36="GLD1+2",SUM($G36:$H36)*$M$1/SUM($J$1:$M$1),IF($I36="GLD2",SUM($G36:$H36),0))))) -> 0 | P36: =IF(E36="HL",0,IF($I36="GLD1+2+3+5+6",$F36*$P$1/SUM($J$1:$V$1),IF($I36="GLD3+5",$F36*$P$1/SUM($P$1:$S$1),IF($I36="GLD1+2",0,IF($I36="GLD3",$F36,0))))) -> 0 | Q36: =IF(E36="HL",IF($I36="GLD1+2+3+5+6",$F36*$P$1/SUM($J$1:$V$1),IF($I36="GLD3+5",$F36*$P$1/SUM($P$1:$S$1),IF($I36="GLD1+2",0,IF($I36="GLD3",$F36,0)))),0) -> 0 | R36: =IF($I36="GLD1+2+3+5+6",SUM($G36:$H36)*$P$1/SUM($J$1:$V$1),IF($I36="GLD3+5",SUM($G36:$H36)*$P$1/SUM($P$1:$S$1),IF($I36="GLD1+2",0,IF($I36="GLD3",SUM($G36:$H36),0)))) -> 0 | S36: =IF(E36="HL",0,IF($I36="GLD1+2+3+5+6",$F36*$S$1/SUM($J$1:$V$1),IF($I36="GLD3+5",$F36*$S$1/SUM($P$1:$S$1),IF($I36="GLD5",$F36,0)))) -> 104 | T36: =IF(E36="HL",IF($I36="GLD1+2+3+5+6",$F36*$S$1/SUM($J$1:$V$1),IF($I36="GLD3+5",$F36*$S$1/SUM($P$1:$S$1),IF($I36="GLD5",$F36,0))),0) -> 0 | U36: =IF($I36="GLD1+2+3+5+6",SUM($G36:$H36)*$S$1/SUM($J$1:$V$1),IF($I36="GLD3+5",SUM($G36:$H36)*$S$1/SUM($P$1:$S$1),IF($I36="GLD5",SUM($G36:$H36),0))) -> 0 | V36: =IF(E36="HL",0,IF($I36="GLD1+2+3+5+6",$F36*$V$1/SUM($J$1:$V$1),IF($I36="GLD6",$F36,0))) -> 0 | W36: =IF(E36="HL",IF($I36="GLD1+2+3+5+6",$F36*$V$1/SUM($J$1:$V$1),IF($I36="GLD6",$F36,0)),0) -> 0 | X36: =IF($I36="GLD1+2+3+5+6",SUM($G36:$H36)*$V$1/SUM($J$1:$V$1),IF($I36="GLD6",SUM($G36:$H36),0)) -> 0 | Y36: =IF(E36="HL",F36-(K36+N36+Q36+T36+W36),F36-(J36+M36+P36+S36+V36)) -> 0 | Z36: =IF(ABS(SUM(J36:X36)-(F36+G36+H36))>=1,"check","")
A37: =GLD!B56 -> Pleating-5 | B37: =IF(OR(A37=0,LEFT(A37,2)="Mr",LEFT(A37,2)="Ms",LEFT(A37,3)="Sub",LEFT(A37,5)="Grand",RIGHT(A37,3)="by,"),"",IF(ISERROR(MATCH(A37,'Dept (不許動)'!$S:$S,0)),"NO","")) | C37: =IF(A37=0,"",IF(ISNA(VLOOKUP(A37,'Dept (不許動)'!$S:$V,2,0)),"",VLOOKUP(A37,'Dept (不許動)'!$S:$V,2,0))) -> DL | D37: =IF(A37=0,"",IF(ISNA(VLOOKUP(A37,'Dept (不許動)'!$S:$V,3,0)),"",VLOOKUP(A37,'Dept (不許動)'!$S:$V,3,0))) -> Pleating | E37: =IF(A37=0,"",IF(ISNA(VLOOKUP(A37,'Dept (不許動)'!$S:$V,4,0)),"",VLOOKUP(A37,'Dept (不許動)'!$S:$V,4,0))) -> 0 | F37: =GLD!$BC56 -> 0 | G37: =GLD!$AT56 -> 0 | H37: =GLD!$AV56 -> 0 | I37: =IF($D37="Embordiary","GLD6",IF(ISNA(VLOOKUP(A37,'GLD分攤(Chad)'!$B$2:$E$572,3,0)),"",(VLOOKUP(A37,'GLD分攤(Chad)'!$B$9:$E$572,3,0)))) -> GLD5 | J37: =IF(E37="HL",0,IF($I37="GLD1+2+3+5+6",$F37*$J$1/SUM($J$1:$V$1),IF($I37="GLD1+2+3",$F37*$J$1/SUM($J$1:$P$1),IF($I37="GLD1+2",$F37*$J$1/SUM($J$1:$M$1),IF($I37="GLD1",$F37,0))))) -> 0 | K37: =IF(E37="HL",IF($I37="GLD1+2+3+5+6",$F37*$J$1/SUM($J$1:$V$1),IF($I37="GLD1+2+3",$F37*$J$1/SUM($J$1:$P$1),IF($I37="GLD1+2",$F37*$J$1/SUM($J$1:$M$1),IF($I37="GLD1",$F37,0)))),0) -> 0 | L37: =IF($I37="GLD1+2+3+5+6",SUM($G37:$H37)*$J$1/SUM($J$1:$V$1),IF($I37="GLD1+2+3",SUM($G37:$H37)*$J$1/SUM($J$1:$P$1),IF($I37="GLD1+2+3",SUM($G37:$H37)*$J$1/SUM($J$1:$P$1),IF($I37="GLD1+2",SUM($G37:$H37)*$J$1/SUM($J$1:$M$1),IF($I37="GLD1",SUM($G37:$H37),0))))) -> 0 | M37: =IF(E37="HL",0,IF($I37="GLD1+2+3+5+6",$F37*$M$1/SUM($J$1:$V$1),IF($I37="GLD1+2+3",$F37*$M$1/SUM($J$1:$P$1),IF($I37="GLD1+2",$F37*$M$1/SUM($J$1:$M$1),IF($I37="GLD2",$F37,0))))) -> 0 | N37: =IF(E37="HL",IF($I37="GLD1+2+3+5+6",$F37*$M$1/SUM($J$1:$V$1),IF($I37="GLD1+2+3",$F37*$M$1/SUM($J$1:$P$1),IF($I37="GLD1+2",$F37*$M$1/SUM($J$1:$M$1),IF($I37="GLD2",$F37,0)))),0) -> 0 | O37: =IF($I37="GLD1+2+3+5+6",SUM($G37:$H37)*$M$1/SUM($J$1:$V$1),IF($I37="GLD1+2+3",SUM($G37:$H37)*$M$1/SUM($J$1:$P$1),IF($I37="GLD1+2+3",SUM($G37:$H37)*$M$1/SUM($J$1:$P$1),IF($I37="GLD1+2",SUM($G37:$H37)*$M$1/SUM($J$1:$M$1),IF($I37="GLD2",SUM($G37:$H37),0))))) -> 0 | P37: =IF(E37="HL",0,IF($I37="GLD1+2+3+5+6",$F37*$P$1/SUM($J$1:$V$1),IF($I37="GLD3+5",$F37*$P$1/SUM($P$1:$S$1),IF($I37="GLD1+2",0,IF($I37="GLD3",$F37,0))))) -> 0 | Q37: =IF(E37="HL",IF($I37="GLD1+2+3+5+6",$F37*$P$1/SUM($J$1:$V$1),IF($I37="GLD3+5",$F37*$P$1/SUM($P$1:$S$1),IF($I37="GLD1+2",0,IF($I37="GLD3",$F37,0)))),0) -> 0 | R37: =IF($I37="GLD1+2+3+5+6",SUM($G37:$H37)*$P$1/SUM($J$1:$V$1),IF($I37="GLD3+5",SUM($G37:$H37)*$P$1/SUM($P$1:$S$1),IF($I37="GLD1+2",0,IF($I37="GLD3",SUM($G37:$H37),0)))) -> 0 | S37: =IF(E37="HL",0,IF($I37="GLD1+2+3+5+6",$F37*$S$1/SUM($J$1:$V$1),IF($I37="GLD3+5",$F37*$S$1/SUM($P$1:$S$1),IF($I37="GLD5",$F37,0)))) -> 0 | T37: =IF(E37="HL",IF($I37="GLD1+2+3+5+6",$F37*$S$1/SUM($J$1:$V$1),IF($I37="GLD3+5",$F37*$S$1/SUM($P$1:$S$1),IF($I37="GLD5",$F37,0))),0) -> 0 | U37: =IF($I37="GLD1+2+3+5+6",SUM($G37:$H37)*$S$1/SUM($J$1:$V$1),IF($I37="GLD3+5",SUM($G37:$H37)*$S$1/SUM($P$1:$S$1),IF($I37="GLD5",SUM($G37:$H37),0))) -> 0 | V37: =IF(E37="HL",0,IF($I37="GLD1+2+3+5+6",$F37*$V$1/SUM($J$1:$V$1),IF($I37="GLD6",$F37,0))) -> 0 | W37: =IF(E37="HL",IF($I37="GLD1+2+3+5+6",$F37*$V$1/SUM($J$1:$V$1),IF($I37="GLD6",$F37,0)),0) -> 0 | X37: =IF($I37="GLD1+2+3+5+6",SUM($G37:$H37)*$V$1/SUM($J$1:$V$1),IF($I37="GLD6",SUM($G37:$H37),0)) -> 0 | Y37: =IF(E37="HL",F37-(K37+N37+Q37+T37+W37),F37-(J37+M37+P37+S37+V37)) -> 0 | Z37: =IF(ABS(SUM(J37:X37)-(F37+G37+H37))>=1,"check","")
A38: =GLD!B57 -> Cutting/staff 5 | B38: =IF(OR(A38=0,LEFT(A38,2)="Mr",LEFT(A38,2)="Ms",LEFT(A38,3)="Sub",LEFT(A38,5)="Grand",RIGHT(A38,3)="by,"),"",IF(ISERROR(MATCH(A38,'Dept (不許動)'!$S:$S,0)),"NO","")) | C38: =IF(A38=0,"",IF(ISNA(VLOOKUP(A38,'Dept (不許動)'!$S:$V,2,0)),"",VLOOKUP(A38,'Dept (不許動)'!$S:$V,2,0))) -> IDL | D38: =IF(A38=0,"",IF(ISNA(VLOOKUP(A38,'Dept (不許動)'!$S:$V,3,0)),"",VLOOKUP(A38,'Dept (不許動)'!$S:$V,3,0))) -> IDL Cutting | E38: =IF(A38=0,"",IF(ISNA(VLOOKUP(A38,'Dept (不許動)'!$S:$V,4,0)),"",VLOOKUP(A38,'Dept (不許動)'!$S:$V,4,0))) -> 0 | F38: =GLD!$BC57 -> 4 | G38: =GLD!$AT57 -> 0 | H38: =GLD!$AV57 -> 0 | I38: =IF($D38="Embordiary","GLD6",IF(ISNA(VLOOKUP(A38,'GLD分攤(Chad)'!$B$2:$E$572,3,0)),"",(VLOOKUP(A38,'GLD分攤(Chad)'!$B$9:$E$572,3,0)))) -> GLD5 | J38: =IF(E38="HL",0,IF($I38="GLD1+2+3+5+6",$F38*$J$1/SUM($J$1:$V$1),IF($I38="GLD1+2+3",$F38*$J$1/SUM($J$1:$P$1),IF($I38="GLD1+2",$F38*$J$1/SUM($J$1:$M$1),IF($I38="GLD1",$F38,0))))) -> 0 | K38: =IF(E38="HL",IF($I38="GLD1+2+3+5+6",$F38*$J$1/SUM($J$1:$V$1),IF($I38="GLD1+2+3",$F38*$J$1/SUM($J$1:$P$1),IF($I38="GLD1+2",$F38*$J$1/SUM($J$1:$M$1),IF($I38="GLD1",$F38,0)))),0) -> 0 | L38: =IF($I38="GLD1+2+3+5+6",SUM($G38:$H38)*$J$1/SUM($J$1:$V$1),IF($I38="GLD1+2+3",SUM($G38:$H38)*$J$1/SUM($J$1:$P$1),IF($I38="GLD1+2+3",SUM($G38:$H38)*$J$1/SUM($J$1:$P$1),IF($I38="GLD1+2",SUM($G38:$H38)*$J$1/SUM($J$1:$M$1),IF($I38="GLD1",SUM($G38:$H38),0))))) -> 0 | M38: =IF(E38="HL",0,IF($I38="GLD1+2+3+5+6",$F38*$M$1/SUM($J$1:$V$1),IF($I38="GLD1+2+3",$F38*$M$1/SUM($J$1:$P$1),IF($I38="GLD1+2",$F38*$M$1/SUM($J$1:$M$1),IF($I38="GLD2",$F38,0))))) -> 0 | N38: =IF(E38="HL",IF($I38="GLD1+2+3+5+6",$F38*$M$1/SUM($J$1:$V$1),IF($I38="GLD1+2+3",$F38*$M$1/SUM($J$1:$P$1),IF($I38="GLD1+2",$F38*$M$1/SUM($J$1:$M$1),IF($I38="GLD2",$F38,0)))),0) -> 0 | O38: =IF($I38="GLD1+2+3+5+6",SUM($G38:$H38)*$M$1/SUM($J$1:$V$1),IF($I38="GLD1+2+3",SUM($G38:$H38)*$M$1/SUM($J$1:$P$1),IF($I38="GLD1+2+3",SUM($G38:$H38)*$M$1/SUM($J$1:$P$1),IF($I38="GLD1+2",SUM($G38:$H38)*$M$1/SUM($J$1:$M$1),IF($I38="GLD2",SUM($G38:$H38),0))))) -> 0 | P38: =IF(E38="HL",0,IF($I38="GLD1+2+3+5+6",$F38*$P$1/SUM($J$1:$V$1),IF($I38="GLD3+5",$F38*$P$1/SUM($P$1:$S$1),IF($I38="GLD1+2",0,IF($I38="GLD3",$F38,0))))) -> 0 | Q38: =IF(E38="HL",IF($I38="GLD1+2+3+5+6",$F38*$P$1/SUM($J$1:$V$1),IF($I38="GLD3+5",$F38*$P$1/SUM($P$1:$S$1),IF($I38="GLD1+2",0,IF($I38="GLD3",$F38,0)))),0) -> 0 | R38: =IF($I38="GLD1+2+3+5+6",SUM($G38:$H38)*$P$1/SUM($J$1:$V$1),IF($I38="GLD3+5",SUM($G38:$H38)*$P$1/SUM($P$1:$S$1),IF($I38="GLD1+2",0,IF($I38="GLD3",SUM($G38:$H38),0)))) -> 0 | S38: =IF(E38="HL",0,IF($I38="GLD1+2+3+5+6",$F38*$S$1/SUM($J$1:$V$1),IF($I38="GLD3+5",$F38*$S$1/SUM($P$1:$S$1),IF($I38="GLD5",$F38,0)))) -> 4 | T38: =IF(E38="HL",IF($I38="GLD1+2+3+5+6",$F38*$S$1/SUM($J$1:$V$1),IF($I38="GLD3+5",$F38*$S$1/SUM($P$1:$S$1),IF($I38="GLD5",$F38,0))),0) -> 0 | U38: =IF($I38="GLD1+2+3+5+6",SUM($G38:$H38)*$S$1/SUM($J$1:$V$1),IF($I38="GLD3+5",SUM($G38:$H38)*$S$1/SUM($P$1:$S$1),IF($I38="GLD5",SUM($G38:$H38),0))) -> 0 | V38: =IF(E38="HL",0,IF($I38="GLD1+2+3+5+6",$F38*$V$1/SUM($J$1:$V$1),IF($I38="GLD6",$F38,0))) -> 0 | W38: =IF(E38="HL",IF($I38="GLD1+2+3+5+6",$F38*$V$1/SUM($J$1:$V$1),IF($I38="GLD6",$F38,0)),0) -> 0 | X38: =IF($I38="GLD1+2+3+5+6",SUM($G38:$H38)*$V$1/SUM($J$1:$V$1),IF($I38="GLD6",SUM($G38:$H38),0)) -> 0 | Y38: =IF(E38="HL",F38-(K38+N38+Q38+T38+W38),F38-(J38+M38+P38+S38+V38)) -> 0 | Z38: =IF(ABS(SUM(J38:X38)-(F38+G38+H38))>=1,"check","")
... A185: =GLD!B204 -> GLD6-Sewing Line -14 | B185: =IF(OR(A185=0,LEFT(A185,2)="Mr",LEFT(A185,2)="Ms",LEFT(A185,3)="Sub",LEFT(A185,5)="Grand",RIGHT(A185,3)="by,"),"",IF(ISERROR(MATCH(A185,'Dept (不許動)'!$S:$S,0)),"NO","")) | C185: =IF(A185=0,"",IF(ISNA(VLOOKUP(A185,'Dept (不許動)'!$S:$V,2,0)),"",VLOOKUP(A185,'Dept (不許動)'!$S:$V,2,0))) -> DL | D185: =IF(A185=0,"",IF(ISNA(VLOOKUP(A185,'Dept (不許動)'!$S:$V,3,0)),"",VLOOKUP(A185,'Dept (不許動)'!$S:$V,3,0))) -> sewing | E185: =IF(A185=0,"",IF(ISNA(VLOOKUP(A185,'Dept (不許動)'!$S:$V,4,0)),"",VLOOKUP(A185,'Dept (不許動)'!$S:$V,4,0))) -> 0 | F185: =GLD!$BC204 -> 37 | G185: =GLD!$AT204 -> 0 | H185: =GLD!$AV204 -> 0 | I185: =IF($D185="Embordiary","GLD6",IF(ISNA(VLOOKUP(A185,'GLD分攤(Chad)'!$B$2:$E$572,3,0)),"",(VLOOKUP(A185,'GLD分攤(Chad)'!$B$9:$E$572,3,0)))) -> GLD6 | J185: =IF(E185="HL",0,IF($I185="GLD1+2+3+5+6",$F185*$J$1/SUM($J$1:$V$1),IF($I185="GLD1+2+3",$F185*$J$1/SUM($J$1:$P$1),IF($I185="GLD1+2",$F185*$J$1/SUM($J$1:$M$1),IF($I185="GLD1",$F185,0))))) -> 0 | K185: =IF(E185="HL",IF($I185="GLD1+2+3+5+6",$F185*$J$1/SUM($J$1:$V$1),IF($I185="GLD1+2+3",$F185*$J$1/SUM($J$1:$P$1),IF($I185="GLD1+2",$F185*$J$1/SUM($J$1:$M$1),IF($I185="GLD1",$F185,0)))),0) -> 0 | L185: =IF($I185="GLD1+2+3+5+6",SUM($G185:$H185)*$J$1/SUM($J$1:$V$1),IF($I185="GLD1+2+3",SUM($G185:$H185)*$J$1/SUM($J$1:$P$1),IF($I185="GLD1+2+3",SUM($G185:$H185)*$J$1/SUM($J$1:$P$1),IF($I185="GLD1+2",SUM($G185:$H185)*$J$1/SUM($J$1:$M$1),IF($I185="GLD1",SUM($G185:$H185),0))))) -> 0 | M185: =IF(E185="HL",0,IF($I185="GLD1+2+3+5+6",$F185*$M$1/SUM($J$1:$V$1),IF($I185="GLD1+2+3",$F185*$M$1/SUM($J$1:$P$1),IF($I185="GLD1+2",$F185*$M$1/SUM($J$1:$M$1),IF($I185="GLD2",$F185,0))))) -> 0 | N185: =IF(E185="HL",IF($I185="GLD1+2+3+5+6",$F185*$M$1/SUM($J$1:$V$1),IF($I185="GLD1+2+3",$F185*$M$1/SUM($J$1:$P$1),IF($I185="GLD1+2",$F185*$M$1/SUM($J$1:$M$1),IF($I185="GLD2",$F185,0)))),0) -> 0 | O185: =IF($I185="GLD1+2+3+5+6",SUM($G185:$H185)*$M$1/SUM($J$1:$V$1),IF($I185="GLD1+2+3",SUM($G185:$H185)*$M$1/SUM($J$1:$P$1),IF($I185="GLD1+2+3",SUM($G185:$H185)*$M$1/SUM($J$1:$P$1),IF($I185="GLD1+2",SUM($G185:$H185)*$M$1/SUM($J$1:$M$1),IF($I185="GLD2",SUM($G185:$H185),0))))) -> 0 | P185: =IF(E185="HL",0,IF($I185="GLD1+2+3+5+6",$F185*$P$1/SUM($J$1:$V$1),IF($I185="GLD3+5",$F185*$P$1/SUM($P$1:$S$1),IF($I185="GLD1+2",0,IF($I185="GLD3",$F185,0))))) -> 0 | Q185: =IF(E185="HL",IF($I185="GLD1+2+3+5+6",$F185*$P$1/SUM($J$1:$V$1),IF($I185="GLD3+5",$F185*$P$1/SUM($P$1:$S$1),IF($I185="GLD1+2",0,IF($I185="GLD3",$F185,0)))),0) -> 0 | R185: =IF($I185="GLD1+2+3+5+6",SUM($G185:$H185)*$P$1/SUM($J$1:$V$1),IF($I185="GLD3+5",SUM($G185:$H185)*$P$1/SUM($P$1:$S$1),IF($I185="GLD1+2",0,IF($I185="GLD3",SUM($G185:$H185),0)))) -> 0 | S185: =IF(E185="HL",0,IF($I185="GLD1+2+3+5+6",$F185*$S$1/SUM($J$1:$V$1),IF($I185="GLD3+5",$F185*$S$1/SUM($P$1:$S$1),IF($I185="GLD5",$F185,0)))) -> 0 | T185: =IF(E185="HL",IF($I185="GLD1+2+3+5+6",$F185*$S$1/SUM($J$1:$V$1),IF($I185="GLD3+5",$F185*$S$1/SUM($P$1:$S$1),IF($I185="GLD5",$F185,0))),0) -> 0 | U185: =IF($I185="GLD1+2+3+5+6",SUM($G185:$H185)*$S$1/SUM($J$1:$V$1),IF($I185="GLD3+5",SUM($G185:$H185)*$S$1/SUM($P$1:$S$1),IF($I185="GLD5",SUM($G185:$H185),0))) -> 0 | V185: =IF(E185="HL",0,IF($I185="GLD1+2+3+5+6",$F185*$V$1/SUM($J$1:$V$1),IF($I185="GLD6",$F185,0))) -> 37 | W185: =IF(E185="HL",IF($I185="GLD1+2+3+5+6",$F185*$V$1/SUM($J$1:$V$1),IF($I185="GLD6",$F185,0)),0) -> 0 | X185: =IF($I185="GLD1+2+3+5+6",SUM($G185:$H185)*$V$1/SUM($J$1:$V$1),IF($I185="GLD6",SUM($G185:$H185),0)) -> 0 | Y185: =IF(E185="HL",F185-(K185+N185+Q185+T185+W185),F185-(J185+M185+P185+S185+V185)) -> 0 | Z185: =IF(ABS(SUM(J185:X185)-(F185+G185+H185))>=1,"check","")
A186: =GLD!B205 -> GLD6-Sewing Line -15 | B186: =IF(OR(A186=0,LEFT(A186,2)="Mr",LEFT(A186,2)="Ms",LEFT(A186,3)="Sub",LEFT(A186,5)="Grand",RIGHT(A186,3)="by,"),"",IF(ISERROR(MATCH(A186,'Dept (不許動)'!$S:$S,0)),"NO","")) | C186: =IF(A186=0,"",IF(ISNA(VLOOKUP(A186,'Dept (不許動)'!$S:$V,2,0)),"",VLOOKUP(A186,'Dept (不許動)'!$S:$V,2,0))) -> DL | D186: =IF(A186=0,"",IF(ISNA(VLOOKUP(A186,'Dept (不許動)'!$S:$V,3,0)),"",VLOOKUP(A186,'Dept (不許動)'!$S:$V,3,0))) -> sewing | E186: =IF(A186=0,"",IF(ISNA(VLOOKUP(A186,'Dept (不許動)'!$S:$V,4,0)),"",VLOOKUP(A186,'Dept (不許動)'!$S:$V,4,0))) -> 0 | F186: =GLD!$BC205 -> 36 | G186: =GLD!$AT205 -> 0 | H186: =GLD!$AV205 -> 0 | I186: =IF($D186="Embordiary","GLD6",IF(ISNA(VLOOKUP(A186,'GLD分攤(Chad)'!$B$2:$E$572,3,0)),"",(VLOOKUP(A186,'GLD分攤(Chad)'!$B$9:$E$572,3,0)))) -> GLD6 | J186: =IF(E186="HL",0,IF($I186="GLD1+2+3+5+6",$F186*$J$1/SUM($J$1:$V$1),IF($I186="GLD1+2+3",$F186*$J$1/SUM($J$1:$P$1),IF($I186="GLD1+2",$F186*$J$1/SUM($J$1:$M$1),IF($I186="GLD1",$F186,0))))) -> 0 | K186: =IF(E186="HL",IF($I186="GLD1+2+3+5+6",$F186*$J$1/SUM($J$1:$V$1),IF($I186="GLD1+2+3",$F186*$J$1/SUM($J$1:$P$1),IF($I186="GLD1+2",$F186*$J$1/SUM($J$1:$M$1),IF($I186="GLD1",$F186,0)))),0) -> 0 | L186: =IF($I186="GLD1+2+3+5+6",SUM($G186:$H186)*$J$1/SUM($J$1:$V$1),IF($I186="GLD1+2+3",SUM($G186:$H186)*$J$1/SUM($J$1:$P$1),IF($I186="GLD1+2+3",SUM($G186:$H186)*$J$1/SUM($J$1:$P$1),IF($I186="GLD1+2",SUM($G186:$H186)*$J$1/SUM($J$1:$M$1),IF($I186="GLD1",SUM($G186:$H186),0))))) -> 0 | M186: =IF(E186="HL",0,IF($I186="GLD1+2+3+5+6",$F186*$M$1/SUM($J$1:$V$1),IF($I186="GLD1+2+3",$F186*$M$1/SUM($J$1:$P$1),IF($I186="GLD1+2",$F186*$M$1/SUM($J$1:$M$1),IF($I186="GLD2",$F186,0))))) -> 0 | N186: =IF(E186="HL",IF($I186="GLD1+2+3+5+6",$F186*$M$1/SUM($J$1:$V$1),IF($I186="GLD1+2+3",$F186*$M$1/SUM($J$1:$P$1),IF($I186="GLD1+2",$F186*$M$1/SUM($J$1:$M$1),IF($I186="GLD2",$F186,0)))),0) -> 0 | O186: =IF($I186="GLD1+2+3+5+6",SUM($G186:$H186)*$M$1/SUM($J$1:$V$1),IF($I186="GLD1+2+3",SUM($G186:$H186)*$M$1/SUM($J$1:$P$1),IF($I186="GLD1+2+3",SUM($G186:$H186)*$M$1/SUM($J$1:$P$1),IF($I186="GLD1+2",SUM($G186:$H186)*$M$1/SUM($J$1:$M$1),IF($I186="GLD2",SUM($G186:$H186),0))))) -> 0 | P186: =IF(E186="HL",0,IF($I186="GLD1+2+3+5+6",$F186*$P$1/SUM($J$1:$V$1),IF($I186="GLD3+5",$F186*$P$1/SUM($P$1:$S$1),IF($I186="GLD1+2",0,IF($I186="GLD3",$F186,0))))) -> 0 | Q186: =IF(E186="HL",IF($I186="GLD1+2+3+5+6",$F186*$P$1/SUM($J$1:$V$1),IF($I186="GLD3+5",$F186*$P$1/SUM($P$1:$S$1),IF($I186="GLD1+2",0,IF($I186="GLD3",$F186,0)))),0) -> 0 | R186: =IF($I186="GLD1+2+3+5+6",SUM($G186:$H186)*$P$1/SUM($J$1:$V$1),IF($I186="GLD3+5",SUM($G186:$H186)*$P$1/SUM($P$1:$S$1),IF($I186="GLD1+2",0,IF($I186="GLD3",SUM($G186:$H186),0)))) -> 0 | S186: =IF(E186="HL",0,IF($I186="GLD1+2+3+5+6",$F186*$S$1/SUM($J$1:$V$1),IF($I186="GLD3+5",$F186*$S$1/SUM($P$1:$S$1),IF($I186="GLD5",$F186,0)))) -> 0 | T186: =IF(E186="HL",IF($I186="GLD1+2+3+5+6",$F186*$S$1/SUM($J$1:$V$1),IF($I186="GLD3+5",$F186*$S$1/SUM($P$1:$S$1),IF($I186="GLD5",$F186,0))),0) -> 0 | U186: =IF($I186="GLD1+2+3+5+6",SUM($G186:$H186)*$S$1/SUM($J$1:$V$1),IF($I186="GLD3+5",SUM($G186:$H186)*$S$1/SUM($P$1:$S$1),IF($I186="GLD5",SUM($G186:$H186),0))) -> 0 | V186: =IF(E186="HL",0,IF($I186="GLD1+2+3+5+6",$F186*$V$1/SUM($J$1:$V$1),IF($I186="GLD6",$F186,0))) -> 36 | W186: =IF(E186="HL",IF($I186="GLD1+2+3+5+6",$F186*$V$1/SUM($J$1:$V$1),IF($I186="GLD6",$F186,0)),0) -> 0 | X186: =IF($I186="GLD1+2+3+5+6",SUM($G186:$H186)*$V$1/SUM($J$1:$V$1),IF($I186="GLD6",SUM($G186:$H186),0)) -> 0 | Y186: =IF(E186="HL",F186-(K186+N186+Q186+T186+W186),F186-(J186+M186+P186+S186+V186)) -> 0
A187: =GLD!B206 -> GLD6-Sewing Line -16 | B187: =IF(OR(A187=0,LEFT(A187,2)="Mr",LEFT(A187,2)="Ms",LEFT(A187,3)="Sub",LEFT(A187,5)="Grand",RIGHT(A187,3)="by,"),"",IF(ISERROR(MATCH(A187,'Dept (不許動)'!$S:$S,0)),"NO","")) | C187: =IF(A187=0,"",IF(ISNA(VLOOKUP(A187,'Dept (不許動)'!$S:$V,2,0)),"",VLOOKUP(A187,'Dept (不許動)'!$S:$V,2,0))) -> DL | D187: =IF(A187=0,"",IF(ISNA(VLOOKUP(A187,'Dept (不許動)'!$S:$V,3,0)),"",VLOOKUP(A187,'Dept (不許動)'!$S:$V,3,0))) -> sewing | E187: =IF(A187=0,"",IF(ISNA(VLOOKUP(A187,'Dept (不許動)'!$S:$V,4,0)),"",VLOOKUP(A187,'Dept (不許動)'!$S:$V,4,0))) -> 0 | F187: =GLD!$BC206 -> 36 | G187: =GLD!$AT206 -> 0 | H187: =GLD!$AV206 -> 0 | I187: =IF($D187="Embordiary","GLD6",IF(ISNA(VLOOKUP(A187,'GLD分攤(Chad)'!$B$2:$E$572,3,0)),"",(VLOOKUP(A187,'GLD分攤(Chad)'!$B$9:$E$572,3,0)))) -> GLD6 | J187: =IF(E187="HL",0,IF($I187="GLD1+2+3+5+6",$F187*$J$1/SUM($J$1:$V$1),IF($I187="GLD1+2+3",$F187*$J$1/SUM($J$1:$P$1),IF($I187="GLD1+2",$F187*$J$1/SUM($J$1:$M$1),IF($I187="GLD1",$F187,0))))) -> 0 | K187: =IF(E187="HL",IF($I187="GLD1+2+3+5+6",$F187*$J$1/SUM($J$1:$V$1),IF($I187="GLD1+2+3",$F187*$J$1/SUM($J$1:$P$1),IF($I187="GLD1+2",$F187*$J$1/SUM($J$1:$M$1),IF($I187="GLD1",$F187,0)))),0) -> 0 | L187: =IF($I187="GLD1+2+3+5+6",SUM($G187:$H187)*$J$1/SUM($J$1:$V$1),IF($I187="GLD1+2+3",SUM($G187:$H187)*$J$1/SUM($J$1:$P$1),IF($I187="GLD1+2+3",SUM($G187:$H187)*$J$1/SUM($J$1:$P$1),IF($I187="GLD1+2",SUM($G187:$H187)*$J$1/SUM($J$1:$M$1),IF($I187="GLD1",SUM($G187:$H187),0))))) -> 0 | M187: =IF(E187="HL",0,IF($I187="GLD1+2+3+5+6",$F187*$M$1/SUM($J$1:$V$1),IF($I187="GLD1+2+3",$F187*$M$1/SUM($J$1:$P$1),IF($I187="GLD1+2",$F187*$M$1/SUM($J$1:$M$1),IF($I187="GLD2",$F187,0))))) -> 0 | N187: =IF(E187="HL",IF($I187="GLD1+2+3+5+6",$F187*$M$1/SUM($J$1:$V$1),IF($I187="GLD1+2+3",$F187*$M$1/SUM($J$1:$P$1),IF($I187="GLD1+2",$F187*$M$1/SUM($J$1:$M$1),IF($I187="GLD2",$F187,0)))),0) -> 0 | O187: =IF($I187="GLD1+2+3+5+6",SUM($G187:$H187)*$M$1/SUM($J$1:$V$1),IF($I187="GLD1+2+3",SUM($G187:$H187)*$M$1/SUM($J$1:$P$1),IF($I187="GLD1+2+3",SUM($G187:$H187)*$M$1/SUM($J$1:$P$1),IF($I187="GLD1+2",SUM($G187:$H187)*$M$1/SUM($J$1:$M$1),IF($I187="GLD2",SUM($G187:$H187),0))))) -> 0 | P187: =IF(E187="HL",0,IF($I187="GLD1+2+3+5+6",$F187*$P$1/SUM($J$1:$V$1),IF($I187="GLD3+5",$F187*$P$1/SUM($P$1:$S$1),IF($I187="GLD1+2",0,IF($I187="GLD3",$F187,0))))) -> 0 | Q187: =IF(E187="HL",IF($I187="GLD1+2+3+5+6",$F187*$P$1/SUM($J$1:$V$1),IF($I187="GLD3+5",$F187*$P$1/SUM($P$1:$S$1),IF($I187="GLD1+2",0,IF($I187="GLD3",$F187,0)))),0) -> 0 | R187: =IF($I187="GLD1+2+3+5+6",SUM($G187:$H187)*$P$1/SUM($J$1:$V$1),IF($I187="GLD3+5",SUM($G187:$H187)*$P$1/SUM($P$1:$S$1),IF($I187="GLD1+2",0,IF($I187="GLD3",SUM($G187:$H187),0)))) -> 0 | S187: =IF(E187="HL",0,IF($I187="GLD1+2+3+5+6",$F187*$S$1/SUM($J$1:$V$1),IF($I187="GLD3+5",$F187*$S$1/SUM($P$1:$S$1),IF($I187="GLD5",$F187,0)))) -> 0 | T187: =IF(E187="HL",IF($I187="GLD1+2+3+5+6",$F187*$S$1/SUM($J$1:$V$1),IF($I187="GLD3+5",$F187*$S$1/SUM($P$1:$S$1),IF($I187="GLD5",$F187,0))),0) -> 0 | U187: =IF($I187="GLD1+2+3+5+6",SUM($G187:$H187)*$S$1/SUM($J$1:$V$1),IF($I187="GLD3+5",SUM($G187:$H187)*$S$1/SUM($P$1:$S$1),IF($I187="GLD5",SUM($G187:$H187),0))) -> 0 | V187: =IF(E187="HL",0,IF($I187="GLD1+2+3+5+6",$F187*$V$1/SUM($J$1:$V$1),IF($I187="GLD6",$F187,0))) -> 36 | W187: =IF(E187="HL",IF($I187="GLD1+2+3+5+6",$F187*$V$1/SUM($J$1:$V$1),IF($I187="GLD6",$F187,0)),0) -> 0 | X187: =IF($I187="GLD1+2+3+5+6",SUM($G187:$H187)*$V$1/SUM($J$1:$V$1),IF($I187="GLD6",SUM($G187:$H187),0)) -> 0 | Y187: =IF(E187="HL",F187-(K187+N187+Q187+T187+W187),F187-(J187+M187+P187+S187+V187)) -> 0 | Z187: =IF(ABS(SUM(J187:X187)-(F187+G187+H187))>=1,"check","")
A188: =GLD!B207 -> GLD6-Sewing Line -17 | B188: =IF(OR(A188=0,LEFT(A188,2)="Mr",LEFT(A188,2)="Ms",LEFT(A188,3)="Sub",LEFT(A188,5)="Grand",RIGHT(A188,3)="by,"),"",IF(ISERROR(MATCH(A188,'Dept (不許動)'!$S:$S,0)),"NO","")) | C188: =IF(A188=0,"",IF(ISNA(VLOOKUP(A188,'Dept (不許動)'!$S:$V,2,0)),"",VLOOKUP(A188,'Dept (不許動)'!$S:$V,2,0))) -> DL | D188: =IF(A188=0,"",IF(ISNA(VLOOKUP(A188,'Dept (不許動)'!$S:$V,3,0)),"",VLOOKUP(A188,'Dept (不許動)'!$S:$V,3,0))) -> sewing | E188: =IF(A188=0,"",IF(ISNA(VLOOKUP(A188,'Dept (不許動)'!$S:$V,4,0)),"",VLOOKUP(A188,'Dept (不許動)'!$S:$V,4,0))) -> 0 | F188: =GLD!$BC207 -> 38 | G188: =GLD!$AT207 -> 0 | H188: =GLD!$AV207 -> 0 | I188: =IF($D188="Embordiary","GLD6",IF(ISNA(VLOOKUP(A188,'GLD分攤(Chad)'!$B$2:$E$572,3,0)),"",(VLOOKUP(A188,'GLD分攤(Chad)'!$B$9:$E$572,3,0)))) -> GLD6 | J188: =IF(E188="HL",0,IF($I188="GLD1+2+3+5+6",$F188*$J$1/SUM($J$1:$V$1),IF($I188="GLD1+2+3",$F188*$J$1/SUM($J$1:$P$1),IF($I188="GLD1+2",$F188*$J$1/SUM($J$1:$M$1),IF($I188="GLD1",$F188,0))))) -> 0 | K188: =IF(E188="HL",IF($I188="GLD1+2+3+5+6",$F188*$J$1/SUM($J$1:$V$1),IF($I188="GLD1+2+3",$F188*$J$1/SUM($J$1:$P$1),IF($I188="GLD1+2",$F188*$J$1/SUM($J$1:$M$1),IF($I188="GLD1",$F188,0)))),0) -> 0 | L188: =IF($I188="GLD1+2+3+5+6",SUM($G188:$H188)*$J$1/SUM($J$1:$V$1),IF($I188="GLD1+2+3",SUM($G188:$H188)*$J$1/SUM($J$1:$P$1),IF($I188="GLD1+2+3",SUM($G188:$H188)*$J$1/SUM($J$1:$P$1),IF($I188="GLD1+2",SUM($G188:$H188)*$J$1/SUM($J$1:$M$1),IF($I188="GLD1",SUM($G188:$H188),0))))) -> 0 | M188: =IF(E188="HL",0,IF($I188="GLD1+2+3+5+6",$F188*$M$1/SUM($J$1:$V$1),IF($I188="GLD1+2+3",$F188*$M$1/SUM($J$1:$P$1),IF($I188="GLD1+2",$F188*$M$1/SUM($J$1:$M$1),IF($I188="GLD2",$F188,0))))) -> 0 | N188: =IF(E188="HL",IF($I188="GLD1+2+3+5+6",$F188*$M$1/SUM($J$1:$V$1),IF($I188="GLD1+2+3",$F188*$M$1/SUM($J$1:$P$1),IF($I188="GLD1+2",$F188*$M$1/SUM($J$1:$M$1),IF($I188="GLD2",$F188,0)))),0) -> 0 | O188: =IF($I188="GLD1+2+3+5+6",SUM($G188:$H188)*$M$1/SUM($J$1:$V$1),IF($I188="GLD1+2+3",SUM($G188:$H188)*$M$1/SUM($J$1:$P$1),IF($I188="GLD1+2+3",SUM($G188:$H188)*$M$1/SUM($J$1:$P$1),IF($I188="GLD1+2",SUM($G188:$H188)*$M$1/SUM($J$1:$M$1),IF($I188="GLD2",SUM($G188:$H188),0))))) -> 0 | P188: =IF(E188="HL",0,IF($I188="GLD1+2+3+5+6",$F188*$P$1/SUM($J$1:$V$1),IF($I188="GLD3+5",$F188*$P$1/SUM($P$1:$S$1),IF($I188="GLD1+2",0,IF($I188="GLD3",$F188,0))))) -> 0 | Q188: =IF(E188="HL",IF($I188="GLD1+2+3+5+6",$F188*$P$1/SUM($J$1:$V$1),IF($I188="GLD3+5",$F188*$P$1/SUM($P$1:$S$1),IF($I188="GLD1+2",0,IF($I188="GLD3",$F188,0)))),0) -> 0 | R188: =IF($I188="GLD1+2+3+5+6",SUM($G188:$H188)*$P$1/SUM($J$1:$V$1),IF($I188="GLD3+5",SUM($G188:$H188)*$P$1/SUM($P$1:$S$1),IF($I188="GLD1+2",0,IF($I188="GLD3",SUM($G188:$H188),0)))) -> 0 | S188: =IF(E188="HL",0,IF($I188="GLD1+2+3+5+6",$F188*$S$1/SUM($J$1:$V$1),IF($I188="GLD3+5",$F188*$S$1/SUM($P$1:$S$1),IF($I188="GLD5",$F188,0)))) -> 0 | T188: =IF(E188="HL",IF($I188="GLD1+2+3+5+6",$F188*$S$1/SUM($J$1:$V$1),IF($I188="GLD3+5",$F188*$S$1/SUM($P$1:$S$1),IF($I188="GLD5",$F188,0))),0) -> 0 | U188: =IF($I188="GLD1+2+3+5+6",SUM($G188:$H188)*$S$1/SUM($J$1:$V$1),IF($I188="GLD3+5",SUM($G188:$H188)*$S$1/SUM($P$1:$S$1),IF($I188="GLD5",SUM($G188:$H188),0))) -> 0 | V188: =IF(E188="HL",0,IF($I188="GLD1+2+3+5+6",$F188*$V$1/SUM($J$1:$V$1),IF($I188="GLD6",$F188,0))) -> 38 | W188: =IF(E188="HL",IF($I188="GLD1+2+3+5+6",$F188*$V$1/SUM($J$1:$V$1),IF($I188="GLD6",$F188,0)),0) -> 0 | X188: =IF($I188="GLD1+2+3+5+6",SUM($G188:$H188)*$V$1/SUM($J$1:$V$1),IF($I188="GLD6",SUM($G188:$H188),0)) -> 0 | Y188: =IF(E188="HL",F188-(K188+N188+Q188+T188+W188),F188-(J188+M188+P188+S188+V188)) -> 0 | Z188: =IF(ABS(SUM(J188:X188)-(F188+G188+H188))>=1,"check","")
A189: =GLD!B208 -> GLD6-Sewing Line -18 | B189: =IF(OR(A189=0,LEFT(A189,2)="Mr",LEFT(A189,2)="Ms",LEFT(A189,3)="Sub",LEFT(A189,5)="Grand",RIGHT(A189,3)="by,"),"",IF(ISERROR(MATCH(A189,'Dept (不許動)'!$S:$S,0)),"NO","")) | C189: =IF(A189=0,"",IF(ISNA(VLOOKUP(A189,'Dept (不許動)'!$S:$V,2,0)),"",VLOOKUP(A189,'Dept (不許動)'!$S:$V,2,0))) -> DL | D189: =IF(A189=0,"",IF(ISNA(VLOOKUP(A189,'Dept (不許動)'!$S:$V,3,0)),"",VLOOKUP(A189,'Dept (不許動)'!$S:$V,3,0))) -> sewing | E189: =IF(A189=0,"",IF(ISNA(VLOOKUP(A189,'Dept (不許動)'!$S:$V,4,0)),"",VLOOKUP(A189,'Dept (不許動)'!$S:$V,4,0))) -> 0 | F189: =GLD!$BC208 -> 38 | G189: =GLD!$AT208 -> 0 | H189: =GLD!$AV208 -> 0 | I189: =IF($D189="Embordiary","GLD6",IF(ISNA(VLOOKUP(A189,'GLD分攤(Chad)'!$B$2:$E$572,3,0)),"",(VLOOKUP(A189,'GLD分攤(Chad)'!$B$9:$E$572,3,0)))) -> GLD6 | J189: =IF(E189="HL",0,IF($I189="GLD1+2+3+5+6",$F189*$J$1/SUM($J$1:$V$1),IF($I189="GLD1+2+3",$F189*$J$1/SUM($J$1:$P$1),IF($I189="GLD1+2",$F189*$J$1/SUM($J$1:$M$1),IF($I189="GLD1",$F189,0))))) -> 0 | K189: =IF(E189="HL",IF($I189="GLD1+2+3+5+6",$F189*$J$1/SUM($J$1:$V$1),IF($I189="GLD1+2+3",$F189*$J$1/SUM($J$1:$P$1),IF($I189="GLD1+2",$F189*$J$1/SUM($J$1:$M$1),IF($I189="GLD1",$F189,0)))),0) -> 0 | L189: =IF($I189="GLD1+2+3+5+6",SUM($G189:$H189)*$J$1/SUM($J$1:$V$1),IF($I189="GLD1+2+3",SUM($G189:$H189)*$J$1/SUM($J$1:$P$1),IF($I189="GLD1+2+3",SUM($G189:$H189)*$J$1/SUM($J$1:$P$1),IF($I189="GLD1+2",SUM($G189:$H189)*$J$1/SUM($J$1:$M$1),IF($I189="GLD1",SUM($G189:$H189),0))))) -> 0 | M189: =IF(E189="HL",0,IF($I189="GLD1+2+3+5+6",$F189*$M$1/SUM($J$1:$V$1),IF($I189="GLD1+2+3",$F189*$M$1/SUM($J$1:$P$1),IF($I189="GLD1+2",$F189*$M$1/SUM($J$1:$M$1),IF($I189="GLD2",$F189,0))))) -> 0 | N189: =IF(E189="HL",IF($I189="GLD1+2+3+5+6",$F189*$M$1/SUM($J$1:$V$1),IF($I189="GLD1+2+3",$F189*$M$1/SUM($J$1:$P$1),IF($I189="GLD1+2",$F189*$M$1/SUM($J$1:$M$1),IF($I189="GLD2",$F189,0)))),0) -> 0 | O189: =IF($I189="GLD1+2+3+5+6",SUM($G189:$H189)*$M$1/SUM($J$1:$V$1),IF($I189="GLD1+2+3",SUM($G189:$H189)*$M$1/SUM($J$1:$P$1),IF($I189="GLD1+2+3",SUM($G189:$H189)*$M$1/SUM($J$1:$P$1),IF($I189="GLD1+2",SUM($G189:$H189)*$M$1/SUM($J$1:$M$1),IF($I189="GLD2",SUM($G189:$H189),0))))) -> 0 | P189: =IF(E189="HL",0,IF($I189="GLD1+2+3+5+6",$F189*$P$1/SUM($J$1:$V$1),IF($I189="GLD3+5",$F189*$P$1/SUM($P$1:$S$1),IF($I189="GLD1+2",0,IF($I189="GLD3",$F189,0))))) -> 0 | Q189: =IF(E189="HL",IF($I189="GLD1+2+3+5+6",$F189*$P$1/SUM($J$1:$V$1),IF($I189="GLD3+5",$F189*$P$1/SUM($P$1:$S$1),IF($I189="GLD1+2",0,IF($I189="GLD3",$F189,0)))),0) -> 0 | R189: =IF($I189="GLD1+2+3+5+6",SUM($G189:$H189)*$P$1/SUM($J$1:$V$1),IF($I189="GLD3+5",SUM($G189:$H189)*$P$1/SUM($P$1:$S$1),IF($I189="GLD1+2",0,IF($I189="GLD3",SUM($G189:$H189),0)))) -> 0 | S189: =IF(E189="HL",0,IF($I189="GLD1+2+3+5+6",$F189*$S$1/SUM($J$1:$V$1),IF($I189="GLD3+5",$F189*$S$1/SUM($P$1:$S$1),IF($I189="GLD5",$F189,0)))) -> 0 | T189: =IF(E189="HL",IF($I189="GLD1+2+3+5+6",$F189*$S$1/SUM($J$1:$V$1),IF($I189="GLD3+5",$F189*$S$1/SUM($P$1:$S$1),IF($I189="GLD5",$F189,0))),0) -> 0 | U189: =IF($I189="GLD1+2+3+5+6",SUM($G189:$H189)*$S$1/SUM($J$1:$V$1),IF($I189="GLD3+5",SUM($G189:$H189)*$S$1/SUM($P$1:$S$1),IF($I189="GLD5",SUM($G189:$H189),0))) -> 0 | V189: =IF(E189="HL",0,IF($I189="GLD1+2+3+5+6",$F189*$V$1/SUM($J$1:$V$1),IF($I189="GLD6",$F189,0))) -> 38 | W189: =IF(E189="HL",IF($I189="GLD1+2+3+5+6",$F189*$V$1/SUM($J$1:$V$1),IF($I189="GLD6",$F189,0)),0) -> 0 | X189: =IF($I189="GLD1+2+3+5+6",SUM($G189:$H189)*$V$1/SUM($J$1:$V$1),IF($I189="GLD6",SUM($G189:$H189),0)) -> 0 | Y189: =IF(E189="HL",F189-(K189+N189+Q189+T189+W189),F189-(J189+M189+P189+S189+V189)) -> 0 | Z189: =IF(ABS(SUM(J189:X189)-(F189+G189+H189))>=1,"check","")
A190: =GLD!B209 -> GLD6-Sewing Line -19 | B190: =IF(OR(A190=0,LEFT(A190,2)="Mr",LEFT(A190,2)="Ms",LEFT(A190,3)="Sub",LEFT(A190,5)="Grand",RIGHT(A190,3)="by,"),"",IF(ISERROR(MATCH(A190,'Dept (不許動)'!$S:$S,0)),"NO","")) | C190: =IF(A190=0,"",IF(ISNA(VLOOKUP(A190,'Dept (不許動)'!$S:$V,2,0)),"",VLOOKUP(A190,'Dept (不許動)'!$S:$V,2,0))) -> DL | D190: =IF(A190=0,"",IF(ISNA(VLOOKUP(A190,'Dept (不許動)'!$S:$V,3,0)),"",VLOOKUP(A190,'Dept (不許動)'!$S:$V,3,0))) -> sewing | E190: =IF(A190=0,"",IF(ISNA(VLOOKUP(A190,'Dept (不許動)'!$S:$V,4,0)),"",VLOOKUP(A190,'Dept (不許動)'!$S:$V,4,0))) -> 0 | F190: =GLD!$BC209 -> 38 | G190: =GLD!$AT209 -> 0 | H190: =GLD!$AV209 -> 1 | I190: =IF($D190="Embordiary","GLD6",IF(ISNA(VLOOKUP(A190,'GLD分攤(Chad)'!$B$2:$E$572,3,0)),"",(VLOOKUP(A190,'GLD分攤(Chad)'!$B$9:$E$572,3,0)))) -> GLD6 | J190: =IF(E190="HL",0,IF($I190="GLD1+2+3+5+6",$F190*$J$1/SUM($J$1:$V$1),IF($I190="GLD1+2+3",$F190*$J$1/SUM($J$1:$P$1),IF($I190="GLD1+2",$F190*$J$1/SUM($J$1:$M$1),IF($I190="GLD1",$F190,0))))) -> 0 | K190: =IF(E190="HL",IF($I190="GLD1+2+3+5+6",$F190*$J$1/SUM($J$1:$V$1),IF($I190="GLD1+2+3",$F190*$J$1/SUM($J$1:$P$1),IF($I190="GLD1+2",$F190*$J$1/SUM($J$1:$M$1),IF($I190="GLD1",$F190,0)))),0) -> 0 | L190: =IF($I190="GLD1+2+3+5+6",SUM($G190:$H190)*$J$1/SUM($J$1:$V$1),IF($I190="GLD1+2+3",SUM($G190:$H190)*$J$1/SUM($J$1:$P$1),IF($I190="GLD1+2+3",SUM($G190:$H190)*$J$1/SUM($J$1:$P$1),IF($I190="GLD1+2",SUM($G190:$H190)*$J$1/SUM($J$1:$M$1),IF($I190="GLD1",SUM($G190:$H190),0))))) -> 0 | M190: =IF(E190="HL",0,IF($I190="GLD1+2+3+5+6",$F190*$M$1/SUM($J$1:$V$1),IF($I190="GLD1+2+3",$F190*$M$1/SUM($J$1:$P$1),IF($I190="GLD1+2",$F190*$M$1/SUM($J$1:$M$1),IF($I190="GLD2",$F190,0))))) -> 0 | N190: =IF(E190="HL",IF($I190="GLD1+2+3+5+6",$F190*$M$1/SUM($J$1:$V$1),IF($I190="GLD1+2+3",$F190*$M$1/SUM($J$1:$P$1),IF($I190="GLD1+2",$F190*$M$1/SUM($J$1:$M$1),IF($I190="GLD2",$F190,0)))),0) -> 0 | O190: =IF($I190="GLD1+2+3+5+6",SUM($G190:$H190)*$M$1/SUM($J$1:$V$1),IF($I190="GLD1+2+3",SUM($G190:$H190)*$M$1/SUM($J$1:$P$1),IF($I190="GLD1+2+3",SUM($G190:$H190)*$M$1/SUM($J$1:$P$1),IF($I190="GLD1+2",SUM($G190:$H190)*$M$1/SUM($J$1:$M$1),IF($I190="GLD2",SUM($G190:$H190),0))))) -> 0 | P190: =IF(E190="HL",0,IF($I190="GLD1+2+3+5+6",$F190*$P$1/SUM($J$1:$V$1),IF($I190="GLD3+5",$F190*$P$1/SUM($P$1:$S$1),IF($I190="GLD1+2",0,IF($I190="GLD3",$F190,0))))) -> 0 | Q190: =IF(E190="HL",IF($I190="GLD1+2+3+5+6",$F190*$P$1/SUM($J$1:$V$1),IF($I190="GLD3+5",$F190*$P$1/SUM($P$1:$S$1),IF($I190="GLD1+2",0,IF($I190="GLD3",$F190,0)))),0) -> 0 | R190: =IF($I190="GLD1+2+3+5+6",SUM($G190:$H190)*$P$1/SUM($J$1:$V$1),IF($I190="GLD3+5",SUM($G190:$H190)*$P$1/SUM($P$1:$S$1),IF($I190="GLD1+2",0,IF($I190="GLD3",SUM($G190:$H190),0)))) -> 0 | S190: =IF(E190="HL",0,IF($I190="GLD1+2+3+5+6",$F190*$S$1/SUM($J$1:$V$1),IF($I190="GLD3+5",$F190*$S$1/SUM($P$1:$S$1),IF($I190="GLD5",$F190,0)))) -> 0 | T190: =IF(E190="HL",IF($I190="GLD1+2+3+5+6",$F190*$S$1/SUM($J$1:$V$1),IF($I190="GLD3+5",$F190*$S$1/SUM($P$1:$S$1),IF($I190="GLD5",$F190,0))),0) -> 0 | U190: =IF($I190="GLD1+2+3+5+6",SUM($G190:$H190)*$S$1/SUM($J$1:$V$1),IF($I190="GLD3+5",SUM($G190:$H190)*$S$1/SUM($P$1:$S$1),IF($I190="GLD5",SUM($G190:$H190),0))) -> 0 | V190: =IF(E190="HL",0,IF($I190="GLD1+2+3+5+6",$F190*$V$1/SUM($J$1:$V$1),IF($I190="GLD6",$F190,0))) -> 38 | W190: =IF(E190="HL",IF($I190="GLD1+2+3+5+6",$F190*$V$1/SUM($J$1:$V$1),IF($I190="GLD6",$F190,0)),0) -> 0 | X190: =IF($I190="GLD1+2+3+5+6",SUM($G190:$H190)*$V$1/SUM($J$1:$V$1),IF($I190="GLD6",SUM($G190:$H190),0)) -> 1 | Y190: =IF(E190="HL",F190-(K190+N190+Q190+T190+W190),F190-(J190+M190+P190+S190+V190)) -> 0 | Z190: =IF(ABS(SUM(J190:X190)-(F190+G190+H190))>=1,"check","")
A191: =GLD!B210 -> GLD6-Sewing Line -20 | B191: =IF(OR(A191=0,LEFT(A191,2)="Mr",LEFT(A191,2)="Ms",LEFT(A191,3)="Sub",LEFT(A191,5)="Grand",RIGHT(A191,3)="by,"),"",IF(ISERROR(MATCH(A191,'Dept (不許動)'!$S:$S,0)),"NO","")) | C191: =IF(A191=0,"",IF(ISNA(VLOOKUP(A191,'Dept (不許動)'!$S:$V,2,0)),"",VLOOKUP(A191,'Dept (不許動)'!$S:$V,2,0))) -> DL | D191: =IF(A191=0,"",IF(ISNA(VLOOKUP(A191,'Dept (不許動)'!$S:$V,3,0)),"",VLOOKUP(A191,'Dept (不許動)'!$S:$V,3,0))) -> sewing | E191: =IF(A191=0,"",IF(ISNA(VLOOKUP(A191,'Dept (不許動)'!$S:$V,4,0)),"",VLOOKUP(A191,'Dept (不許動)'!$S:$V,4,0))) -> 0 | F191: =GLD!$BC210 -> 38 | G191: =GLD!$AT210 -> 0 | H191: =GLD!$AV210 -> 1 | I191: =IF($D191="Embordiary","GLD6",IF(ISNA(VLOOKUP(A191,'GLD分攤(Chad)'!$B$2:$E$572,3,0)),"",(VLOOKUP(A191,'GLD分攤(Chad)'!$B$9:$E$572,3,0)))) -> GLD6 | J191: =IF(E191="HL",0,IF($I191="GLD1+2+3+5+6",$F191*$J$1/SUM($J$1:$V$1),IF($I191="GLD1+2+3",$F191*$J$1/SUM($J$1:$P$1),IF($I191="GLD1+2",$F191*$J$1/SUM($J$1:$M$1),IF($I191="GLD1",$F191,0))))) -> 0 | K191: =IF(E191="HL",IF($I191="GLD1+2+3+5+6",$F191*$J$1/SUM($J$1:$V$1),IF($I191="GLD1+2+3",$F191*$J$1/SUM($J$1:$P$1),IF($I191="GLD1+2",$F191*$J$1/SUM($J$1:$M$1),IF($I191="GLD1",$F191,0)))),0) -> 0 | L191: =IF($I191="GLD1+2+3+5+6",SUM($G191:$H191)*$J$1/SUM($J$1:$V$1),IF($I191="GLD1+2+3",SUM($G191:$H191)*$J$1/SUM($J$1:$P$1),IF($I191="GLD1+2+3",SUM($G191:$H191)*$J$1/SUM($J$1:$P$1),IF($I191="GLD1+2",SUM($G191:$H191)*$J$1/SUM($J$1:$M$1),IF($I191="GLD1",SUM($G191:$H191),0))))) -> 0 | M191: =IF(E191="HL",0,IF($I191="GLD1+2+3+5+6",$F191*$M$1/SUM($J$1:$V$1),IF($I191="GLD1+2+3",$F191*$M$1/SUM($J$1:$P$1),IF($I191="GLD1+2",$F191*$M$1/SUM($J$1:$M$1),IF($I191="GLD2",$F191,0))))) -> 0 | N191: =IF(E191="HL",IF($I191="GLD1+2+3+5+6",$F191*$M$1/SUM($J$1:$V$1),IF($I191="GLD1+2+3",$F191*$M$1/SUM($J$1:$P$1),IF($I191="GLD1+2",$F191*$M$1/SUM($J$1:$M$1),IF($I191="GLD2",$F191,0)))),0) -> 0 | O191: =IF($I191="GLD1+2+3+5+6",SUM($G191:$H191)*$M$1/SUM($J$1:$V$1),IF($I191="GLD1+2+3",SUM($G191:$H191)*$M$1/SUM($J$1:$P$1),IF($I191="GLD1+2+3",SUM($G191:$H191)*$M$1/SUM($J$1:$P$1),IF($I191="GLD1+2",SUM($G191:$H191)*$M$1/SUM($J$1:$M$1),IF($I191="GLD2",SUM($G191:$H191),0))))) -> 0 | P191: =IF(E191="HL",0,IF($I191="GLD1+2+3+5+6",$F191*$P$1/SUM($J$1:$V$1),IF($I191="GLD3+5",$F191*$P$1/SUM($P$1:$S$1),IF($I191="GLD1+2",0,IF($I191="GLD3",$F191,0))))) -> 0 | Q191: =IF(E191="HL",IF($I191="GLD1+2+3+5+6",$F191*$P$1/SUM($J$1:$V$1),IF($I191="GLD3+5",$F191*$P$1/SUM($P$1:$S$1),IF($I191="GLD1+2",0,IF($I191="GLD3",$F191,0)))),0) -> 0 | R191: =IF($I191="GLD1+2+3+5+6",SUM($G191:$H191)*$P$1/SUM($J$1:$V$1),IF($I191="GLD3+5",SUM($G191:$H191)*$P$1/SUM($P$1:$S$1),IF($I191="GLD1+2",0,IF($I191="GLD3",SUM($G191:$H191),0)))) -> 0 | S191: =IF(E191="HL",0,IF($I191="GLD1+2+3+5+6",$F191*$S$1/SUM($J$1:$V$1),IF($I191="GLD3+5",$F191*$S$1/SUM($P$1:$S$1),IF($I191="GLD5",$F191,0)))) -> 0 | T191: =IF(E191="HL",IF($I191="GLD1+2+3+5+6",$F191*$S$1/SUM($J$1:$V$1),IF($I191="GLD3+5",$F191*$S$1/SUM($P$1:$S$1),IF($I191="GLD5",$F191,0))),0) -> 0 | U191: =IF($I191="GLD1+2+3+5+6",SUM($G191:$H191)*$S$1/SUM($J$1:$V$1),IF($I191="GLD3+5",SUM($G191:$H191)*$S$1/SUM($P$1:$S$1),IF($I191="GLD5",SUM($G191:$H191),0))) -> 0 | V191: =IF(E191="HL",0,IF($I191="GLD1+2+3+5+6",$F191*$V$1/SUM($J$1:$V$1),IF($I191="GLD6",$F191,0))) -> 38 | W191: =IF(E191="HL",IF($I191="GLD1+2+3+5+6",$F191*$V$1/SUM($J$1:$V$1),IF($I191="GLD6",$F191,0)),0) -> 0 | X191: =IF($I191="GLD1+2+3+5+6",SUM($G191:$H191)*$V$1/SUM($J$1:$V$1),IF($I191="GLD6",SUM($G191:$H191),0)) -> 1 | Y191: =IF(E191="HL",F191-(K191+N191+Q191+T191+W191),F191-(J191+M191+P191+S191+V191)) -> 0 | Z191: =IF(ABS(SUM(J191:X191)-(F191+G191+H191))>=1,"check","")
A192: =GLD!B211 -> Supervisor Ironing/ Staff | B192: =IF(OR(A192=0,LEFT(A192,2)="Mr",LEFT(A192,2)="Ms",LEFT(A192,3)="Sub",LEFT(A192,5)="Grand",RIGHT(A192,3)="by,"),"",IF(ISERROR(MATCH(A192,'Dept (不許動)'!$S:$S,0)),"NO","")) | C192: =IF(A192=0,"",IF(ISNA(VLOOKUP(A192,'Dept (不許動)'!$S:$V,2,0)),"",VLOOKUP(A192,'Dept (不許動)'!$S:$V,2,0))) -> IDL | D192: =IF(A192=0,"",IF(ISNA(VLOOKUP(A192,'Dept (不許動)'!$S:$V,3,0)),"",VLOOKUP(A192,'Dept (不許動)'!$S:$V,3,0))) -> IDL Ironing | E192: =IF(A192=0,"",IF(ISNA(VLOOKUP(A192,'Dept (不許動)'!$S:$V,4,0)),"",VLOOKUP(A192,'Dept (不許動)'!$S:$V,4,0))) -> 0 | F192: =GLD!$BC211 -> 2 | G192: =GLD!$AT211 -> 0 | H192: =GLD!$AV211 -> 0 | I192: =IF($D192="Embordiary","GLD6",IF(ISNA(VLOOKUP(A192,'GLD分攤(Chad)'!$B$2:$E$572,3,0)),"",(VLOOKUP(A192,'GLD分攤(Chad)'!$B$9:$E$572,3,0)))) -> GLD1 | J192: =IF(E192="HL",0,IF($I192="GLD1+2+3+5+6",$F192*$J$1/SUM($J$1:$V$1),IF($I192="GLD1+2+3",$F192*$J$1/SUM($J$1:$P$1),IF($I192="GLD1+2",$F192*$J$1/SUM($J$1:$M$1),IF($I192="GLD1",$F192,0))))) -> 2 | K192: =IF(E192="HL",IF($I192="GLD1+2+3+5+6",$F192*$J$1/SUM($J$1:$V$1),IF($I192="GLD1+2+3",$F192*$J$1/SUM($J$1:$P$1),IF($I192="GLD1+2",$F192*$J$1/SUM($J$1:$M$1),IF($I192="GLD1",$F192,0)))),0) -> 0 | L192: =IF($I192="GLD1+2+3+5+6",SUM($G192:$H192)*$J$1/SUM($J$1:$V$1),IF($I192="GLD1+2+3",SUM($G192:$H192)*$J$1/SUM($J$1:$P$1),IF($I192="GLD1+2+3",SUM($G192:$H192)*$J$1/SUM($J$1:$P$1),IF($I192="GLD1+2",SUM($G192:$H192)*$J$1/SUM($J$1:$M$1),IF($I192="GLD1",SUM($G192:$H192),0))))) -> 0 | M192: =IF(E192="HL",0,IF($I192="GLD1+2+3+5+6",$F192*$M$1/SUM($J$1:$V$1),IF($I192="GLD1+2+3",$F192*$M$1/SUM($J$1:$P$1),IF($I192="GLD1+2",$F192*$M$1/SUM($J$1:$M$1),IF($I192="GLD2",$F192,0))))) -> 0 | N192: =IF(E192="HL",IF($I192="GLD1+2+3+5+6",$F192*$M$1/SUM($J$1:$V$1),IF($I192="GLD1+2+3",$F192*$M$1/SUM($J$1:$P$1),IF($I192="GLD1+2",$F192*$M$1/SUM($J$1:$M$1),IF($I192="GLD2",$F192,0)))),0) -> 0 | O192: =IF($I192="GLD1+2+3+5+6",SUM($G192:$H192)*$M$1/SUM($J$1:$V$1),IF($I192="GLD1+2+3",SUM($G192:$H192)*$M$1/SUM($J$1:$P$1),IF($I192="GLD1+2+3",SUM($G192:$H192)*$M$1/SUM($J$1:$P$1),IF($I192="GLD1+2",SUM($G192:$H192)*$M$1/SUM($J$1:$M$1),IF($I192="GLD2",SUM($G192:$H192),0))))) -> 0 | P192: =IF(E192="HL",0,IF($I192="GLD1+2+3+5+6",$F192*$P$1/SUM($J$1:$V$1),IF($I192="GLD3+5",$F192*$P$1/SUM($P$1:$S$1),IF($I192="GLD1+2",0,IF($I192="GLD3",$F192,0))))) -> 0 | Q192: =IF(E192="HL",IF($I192="GLD1+2+3+5+6",$F192*$P$1/SUM($J$1:$V$1),IF($I192="GLD3+5",$F192*$P$1/SUM($P$1:$S$1),IF($I192="GLD1+2",0,IF($I192="GLD3",$F192,0)))),0) -> 0 | R192: =IF($I192="GLD1+2+3+5+6",SUM($G192:$H192)*$P$1/SUM($J$1:$V$1),IF($I192="GLD3+5",SUM($G192:$H192)*$P$1/SUM($P$1:$S$1),IF($I192="GLD1+2",0,IF($I192="GLD3",SUM($G192:$H192),0)))) -> 0 | S192: =IF(E192="HL",0,IF($I192="GLD1+2+3+5+6",$F192*$S$1/SUM($J$1:$V$1),IF($I192="GLD3+5",$F192*$S$1/SUM($P$1:$S$1),IF($I192="GLD5",$F192,0)))) -> 0 | T192: =IF(E192="HL",IF($I192="GLD1+2+3+5+6",$F192*$S$1/SUM($J$1:$V$1),IF($I192="GLD3+5",$F192*$S$1/SUM($P$1:$S$1),IF($I192="GLD5",$F192,0))),0) -> 0 | U192: =IF($I192="GLD1+2+3+5+6",SUM($G192:$H192)*$S$1/SUM($J$1:$V$1),IF($I192="GLD3+5",SUM($G192:$H192)*$S$1/SUM($P$1:$S$1),IF($I192="GLD5",SUM($G192:$H192),0))) -> 0 | V192: =IF(E192="HL",0,IF($I192="GLD1+2+3+5+6",$F192*$V$1/SUM($J$1:$V$1),IF($I192="GLD6",$F192,0))) -> 0 | W192: =IF(E192="HL",IF($I192="GLD1+2+3+5+6",$F192*$V$1/SUM($J$1:$V$1),IF($I192="GLD6",$F192,0)),0) -> 0 | X192: =IF($I192="GLD1+2+3+5+6",SUM($G192:$H192)*$V$1/SUM($J$1:$V$1),IF($I192="GLD6",SUM($G192:$H192),0)) -> 0 | Y192: =IF(E192="HL",F192-(K192+N192+Q192+T192+W192),F192-(J192+M192+P192+S192+V192)) -> 0 | Z192: =IF(ABS(SUM(J192:X192)-(F192+G192+H192))>=1,"check","")
A193: =GLD!B212 -> Ironing | B193: =IF(OR(A193=0,LEFT(A193,2)="Mr",LEFT(A193,2)="Ms",LEFT(A193,3)="Sub",LEFT(A193,5)="Grand",RIGHT(A193,3)="by,"),"",IF(ISERROR(MATCH(A193,'Dept (不許動)'!$S:$S,0)),"NO","")) | C193: =IF(A193=0,"",IF(ISNA(VLOOKUP(A193,'Dept (不許動)'!$S:$V,2,0)),"",VLOOKUP(A193,'Dept (不許動)'!$S:$V,2,0))) -> DL | D193: =IF(A193=0,"",IF(ISNA(VLOOKUP(A193,'Dept (不許動)'!$S:$V,3,0)),"",VLOOKUP(A193,'Dept (不許動)'!$S:$V,3,0))) -> Ironing | E193: =IF(A193=0,"",IF(ISNA(VLOOKUP(A193,'Dept (不許動)'!$S:$V,4,0)),"",VLOOKUP(A193,'Dept (不許動)'!$S:$V,4,0))) -> 0 | F193: =GLD!$BC212 -> 109 | G193: =GLD!$AT212 -> 0 | H193: =GLD!$AV212 -> 0 | I193: =IF($D193="Embordiary","GLD6",IF(ISNA(VLOOKUP(A193,'GLD分攤(Chad)'!$B$2:$E$572,3,0)),"",(VLOOKUP(A193,'GLD分攤(Chad)'!$B$9:$E$572,3,0)))) -> GLD1 | J193: =IF(E193="HL",0,IF($I193="GLD1+2+3+5+6",$F193*$J$1/SUM($J$1:$V$1),IF($I193="GLD1+2+3",$F193*$J$1/SUM($J$1:$P$1),IF($I193="GLD1+2",$F193*$J$1/SUM($J$1:$M$1),IF($I193="GLD1",$F193,0))))) -> 109 | K193: =IF(E193="HL",IF($I193="GLD1+2+3+5+6",$F193*$J$1/SUM($J$1:$V$1),IF($I193="GLD1+2+3",$F193*$J$1/SUM($J$1:$P$1),IF($I193="GLD1+2",$F193*$J$1/SUM($J$1:$M$1),IF($I193="GLD1",$F193,0)))),0) -> 0 | L193: =IF($I193="GLD1+2+3+5+6",SUM($G193:$H193)*$J$1/SUM($J$1:$V$1),IF($I193="GLD1+2+3",SUM($G193:$H193)*$J$1/SUM($J$1:$P$1),IF($I193="GLD1+2+3",SUM($G193:$H193)*$J$1/SUM($J$1:$P$1),IF($I193="GLD1+2",SUM($G193:$H193)*$J$1/SUM($J$1:$M$1),IF($I193="GLD1",SUM($G193:$H193),0))))) -> 0 | M193: =IF(E193="HL",0,IF($I193="GLD1+2+3+5+6",$F193*$M$1/SUM($J$1:$V$1),IF($I193="GLD1+2+3",$F193*$M$1/SUM($J$1:$P$1),IF($I193="GLD1+2",$F193*$M$1/SUM($J$1:$M$1),IF($I193="GLD2",$F193,0))))) -> 0 | N193: =IF(E193="HL",IF($I193="GLD1+2+3+5+6",$F193*$M$1/SUM($J$1:$V$1),IF($I193="GLD1+2+3",$F193*$M$1/SUM($J$1:$P$1),IF($I193="GLD1+2",$F193*$M$1/SUM($J$1:$M$1),IF($I193="GLD2",$F193,0)))),0) -> 0 | O193: =IF($I193="GLD1+2+3+5+6",SUM($G193:$H193)*$M$1/SUM($J$1:$V$1),IF($I193="GLD1+2+3",SUM($G193:$H193)*$M$1/SUM($J$1:$P$1),IF($I193="GLD1+2+3",SUM($G193:$H193)*$M$1/SUM($J$1:$P$1),IF($I193="GLD1+2",SUM($G193:$H193)*$M$1/SUM($J$1:$M$1),IF($I193="GLD2",SUM($G193:$H193),0))))) -> 0 | P193: =IF(E193="HL",0,IF($I193="GLD1+2+3+5+6",$F193*$P$1/SUM($J$1:$V$1),IF($I193="GLD3+5",$F193*$P$1/SUM($P$1:$S$1),IF($I193="GLD1+2",0,IF($I193="GLD3",$F193,0))))) -> 0 | Q193: =IF(E193="HL",IF($I193="GLD1+2+3+5+6",$F193*$P$1/SUM($J$1:$V$1),IF($I193="GLD3+5",$F193*$P$1/SUM($P$1:$S$1),IF($I193="GLD1+2",0,IF($I193="GLD3",$F193,0)))),0) -> 0 | R193: =IF($I193="GLD1+2+3+5+6",SUM($G193:$H193)*$P$1/SUM($J$1:$V$1),IF($I193="GLD3+5",SUM($G193:$H193)*$P$1/SUM($P$1:$S$1),IF($I193="GLD1+2",0,IF($I193="GLD3",SUM($G193:$H193),0)))) -> 0 | S193: =IF(E193="HL",0,IF($I193="GLD1+2+3+5+6",$F193*$S$1/SUM($J$1:$V$1),IF($I193="GLD3+5",$F193*$S$1/SUM($P$1:$S$1),IF($I193="GLD5",$F193,0)))) -> 0 | T193: =IF(E193="HL",IF($I193="GLD1+2+3+5+6",$F193*$S$1/SUM($J$1:$V$1),IF($I193="GLD3+5",$F193*$S$1/SUM($P$1:$S$1),IF($I193="GLD5",$F193,0))),0) -> 0 | U193: =IF($I193="GLD1+2+3+5+6",SUM($G193:$H193)*$S$1/SUM($J$1:$V$1),IF($I193="GLD3+5",SUM($G193:$H193)*$S$1/SUM($P$1:$S$1),IF($I193="GLD5",SUM($G193:$H193),0))) -> 0 | V193: =IF(E193="HL",0,IF($I193="GLD1+2+3+5+6",$F193*$V$1/SUM($J$1:$V$1),IF($I193="GLD6",$F193,0))) -> 0 | W193: =IF(E193="HL",IF($I193="GLD1+2+3+5+6",$F193*$V$1/SUM($J$1:$V$1),IF($I193="GLD6",$F193,0)),0) -> 0 | X193: =IF($I193="GLD1+2+3+5+6",SUM($G193:$H193)*$V$1/SUM($J$1:$V$1),IF($I193="GLD6",SUM($G193:$H193),0)) -> 0 | Y193: =IF(E193="HL",F193-(K193+N193+Q193+T193+W193),F193-(J193+M193+P193+S193+V193)) -> 0 | Z193: =IF(ABS(SUM(J193:X193)-(F193+G193+H193))>=1,"check","")
A194: =GLD!B213 -> Finishing/staff | B194: =IF(OR(A194=0,LEFT(A194,2)="Mr",LEFT(A194,2)="Ms",LEFT(A194,3)="Sub",LEFT(A194,5)="Grand",RIGHT(A194,3)="by,"),"",IF(ISERROR(MATCH(A194,'Dept (不許動)'!$S:$S,0)),"NO","")) | C194: =IF(A194=0,"",IF(ISNA(VLOOKUP(A194,'Dept (不許動)'!$S:$V,2,0)),"",VLOOKUP(A194,'Dept (不許動)'!$S:$V,2,0))) -> IDL | D194: =IF(A194=0,"",IF(ISNA(VLOOKUP(A194,'Dept (不許動)'!$S:$V,3,0)),"",VLOOKUP(A194,'Dept (不許動)'!$S:$V,3,0))) -> IDL Packing | E194: =IF(A194=0,"",IF(ISNA(VLOOKUP(A194,'Dept (不許動)'!$S:$V,4,0)),"",VLOOKUP(A194,'Dept (不許動)'!$S:$V,4,0))) -> 0 | F194: =GLD!$BC213 -> 6 | G194: =GLD!$AT213 -> 0 | H194: =GLD!$AV213 -> 0 | I194: =IF($D194="Embordiary","GLD6",IF(ISNA(VLOOKUP(A194,'GLD分攤(Chad)'!$B$2:$E$572,3,0)),"",(VLOOKUP(A194,'GLD分攤(Chad)'!$B$9:$E$572,3,0)))) -> GLD1 | J194: =IF(E194="HL",0,IF($I194="GLD1+2+3+5+6",$F194*$J$1/SUM($J$1:$V$1),IF($I194="GLD1+2+3",$F194*$J$1/SUM($J$1:$P$1),IF($I194="GLD1+2",$F194*$J$1/SUM($J$1:$M$1),IF($I194="GLD1",$F194,0))))) -> 6 | K194: =IF(E194="HL",IF($I194="GLD1+2+3+5+6",$F194*$J$1/SUM($J$1:$V$1),IF($I194="GLD1+2+3",$F194*$J$1/SUM($J$1:$P$1),IF($I194="GLD1+2",$F194*$J$1/SUM($J$1:$M$1),IF($I194="GLD1",$F194,0)))),0) -> 0 | L194: =IF($I194="GLD1+2+3+5+6",SUM($G194:$H194)*$J$1/SUM($J$1:$V$1),IF($I194="GLD1+2+3",SUM($G194:$H194)*$J$1/SUM($J$1:$P$1),IF($I194="GLD1+2+3",SUM($G194:$H194)*$J$1/SUM($J$1:$P$1),IF($I194="GLD1+2",SUM($G194:$H194)*$J$1/SUM($J$1:$M$1),IF($I194="GLD1",SUM($G194:$H194),0))))) -> 0 | M194: =IF(E194="HL",0,IF($I194="GLD1+2+3+5+6",$F194*$M$1/SUM($J$1:$V$1),IF($I194="GLD1+2+3",$F194*$M$1/SUM($J$1:$P$1),IF($I194="GLD1+2",$F194*$M$1/SUM($J$1:$M$1),IF($I194="GLD2",$F194,0))))) -> 0 | N194: =IF(E194="HL",IF($I194="GLD1+2+3+5+6",$F194*$M$1/SUM($J$1:$V$1),IF($I194="GLD1+2+3",$F194*$M$1/SUM($J$1:$P$1),IF($I194="GLD1+2",$F194*$M$1/SUM($J$1:$M$1),IF($I194="GLD2",$F194,0)))),0) -> 0 | O194: =IF($I194="GLD1+2+3+5+6",SUM($G194:$H194)*$M$1/SUM($J$1:$V$1),IF($I194="GLD1+2+3",SUM($G194:$H194)*$M$1/SUM($J$1:$P$1),IF($I194="GLD1+2+3",SUM($G194:$H194)*$M$1/SUM($J$1:$P$1),IF($I194="GLD1+2",SUM($G194:$H194)*$M$1/SUM($J$1:$M$1),IF($I194="GLD2",SUM($G194:$H194),0))))) -> 0 | P194: =IF(E194="HL",0,IF($I194="GLD1+2+3+5+6",$F194*$P$1/SUM($J$1:$V$1),IF($I194="GLD3+5",$F194*$P$1/SUM($P$1:$S$1),IF($I194="GLD1+2",0,IF($I194="GLD3",$F194,0))))) -> 0 | Q194: =IF(E194="HL",IF($I194="GLD1+2+3+5+6",$F194*$P$1/SUM($J$1:$V$1),IF($I194="GLD3+5",$F194*$P$1/SUM($P$1:$S$1),IF($I194="GLD1+2",0,IF($I194="GLD3",$F194,0)))),0) -> 0 | R194: =IF($I194="GLD1+2+3+5+6",SUM($G194:$H194)*$P$1/SUM($J$1:$V$1),IF($I194="GLD3+5",SUM($G194:$H194)*$P$1/SUM($P$1:$S$1),IF($I194="GLD1+2",0,IF($I194="GLD3",SUM($G194:$H194),0)))) -> 0 | S194: =IF(E194="HL",0,IF($I194="GLD1+2+3+5+6",$F194*$S$1/SUM($J$1:$V$1),IF($I194="GLD3+5",$F194*$S$1/SUM($P$1:$S$1),IF($I194="GLD5",$F194,0)))) -> 0 | T194: =IF(E194="HL",IF($I194="GLD1+2+3+5+6",$F194*$S$1/SUM($J$1:$V$1),IF($I194="GLD3+5",$F194*$S$1/SUM($P$1:$S$1),IF($I194="GLD5",$F194,0))),0) -> 0 | U194: =IF($I194="GLD1+2+3+5+6",SUM($G194:$H194)*$S$1/SUM($J$1:$V$1),IF($I194="GLD3+5",SUM($G194:$H194)*$S$1/SUM($P$1:$S$1),IF($I194="GLD5",SUM($G194:$H194),0))) -> 0 | V194: =IF(E194="HL",0,IF($I194="GLD1+2+3+5+6",$F194*$V$1/SUM($J$1:$V$1),IF($I194="GLD6",$F194,0))) -> 0 | W194: =IF(E194="HL",IF($I194="GLD1+2+3+5+6",$F194*$V$1/SUM($J$1:$V$1),IF($I194="GLD6",$F194,0)),0) -> 0 | X194: =IF($I194="GLD1+2+3+5+6",SUM($G194:$H194)*$V$1/SUM($J$1:$V$1),IF($I194="GLD6",SUM($G194:$H194),0)) -> 0 | Y194: =IF(E194="HL",F194-(K194+N194+Q194+T194+W194),F194-(J194+M194+P194+S194+V194)) -> 0 | Z194: =IF(ABS(SUM(J194:X194)-(F194+G194+H194))>=1,"check","")
A195: =GLD!B214 -> Finishing/Transfer | B195: =IF(OR(A195=0,LEFT(A195,2)="Mr",LEFT(A195,2)="Ms",LEFT(A195,3)="Sub",LEFT(A195,5)="Grand",RIGHT(A195,3)="by,"),"",IF(ISERROR(MATCH(A195,'Dept (不許動)'!$S:$S,0)),"NO","")) | C195: =IF(A195=0,"",IF(ISNA(VLOOKUP(A195,'Dept (不許動)'!$S:$V,2,0)),"",VLOOKUP(A195,'Dept (不許動)'!$S:$V,2,0))) -> DL | D195: =IF(A195=0,"",IF(ISNA(VLOOKUP(A195,'Dept (不許動)'!$S:$V,3,0)),"",VLOOKUP(A195,'Dept (不許動)'!$S:$V,3,0))) -> Packing | E195: =IF(A195=0,"",IF(ISNA(VLOOKUP(A195,'Dept (不許動)'!$S:$V,4,0)),"",VLOOKUP(A195,'Dept (不許動)'!$S:$V,4,0))) -> 0 | F195: =GLD!$BC214 -> 5 | G195: =GLD!$AT214 -> 0 | H195: =GLD!$AV214 -> 0 | I195: =IF($D195="Embordiary","GLD6",IF(ISNA(VLOOKUP(A195,'GLD分攤(Chad)'!$B$2:$E$572,3,0)),"",(VLOOKUP(A195,'GLD分攤(Chad)'!$B$9:$E$572,3,0)))) -> GLD1 | J195: =IF(E195="HL",0,IF($I195="GLD1+2+3+5+6",$F195*$J$1/SUM($J$1:$V$1),IF($I195="GLD1+2+3",$F195*$J$1/SUM($J$1:$P$1),IF($I195="GLD1+2",$F195*$J$1/SUM($J$1:$M$1),IF($I195="GLD1",$F195,0))))) -> 5 | K195: =IF(E195="HL",IF($I195="GLD1+2+3+5+6",$F195*$J$1/SUM($J$1:$V$1),IF($I195="GLD1+2+3",$F195*$J$1/SUM($J$1:$P$1),IF($I195="GLD1+2",$F195*$J$1/SUM($J$1:$M$1),IF($I195="GLD1",$F195,0)))),0) -> 0 | L195: =IF($I195="GLD1+2+3+5+6",SUM($G195:$H195)*$J$1/SUM($J$1:$V$1),IF($I195="GLD1+2+3",SUM($G195:$H195)*$J$1/SUM($J$1:$P$1),IF($I195="GLD1+2+3",SUM($G195:$H195)*$J$1/SUM($J$1:$P$1),IF($I195="GLD1+2",SUM($G195:$H195)*$J$1/SUM($J$1:$M$1),IF($I195="GLD1",SUM($G195:$H195),0))))) -> 0 | M195: =IF(E195="HL",0,IF($I195="GLD1+2+3+5+6",$F195*$M$1/SUM($J$1:$V$1),IF($I195="GLD1+2+3",$F195*$M$1/SUM($J$1:$P$1),IF($I195="GLD1+2",$F195*$M$1/SUM($J$1:$M$1),IF($I195="GLD2",$F195,0))))) -> 0 | N195: =IF(E195="HL",IF($I195="GLD1+2+3+5+6",$F195*$M$1/SUM($J$1:$V$1),IF($I195="GLD1+2+3",$F195*$M$1/SUM($J$1:$P$1),IF($I195="GLD1+2",$F195*$M$1/SUM($J$1:$M$1),IF($I195="GLD2",$F195,0)))),0) -> 0 | O195: =IF($I195="GLD1+2+3+5+6",SUM($G195:$H195)*$M$1/SUM($J$1:$V$1),IF($I195="GLD1+2+3",SUM($G195:$H195)*$M$1/SUM($J$1:$P$1),IF($I195="GLD1+2+3",SUM($G195:$H195)*$M$1/SUM($J$1:$P$1),IF($I195="GLD1+2",SUM($G195:$H195)*$M$1/SUM($J$1:$M$1),IF($I195="GLD2",SUM($G195:$H195),0))))) -> 0 | P195: =IF(E195="HL",0,IF($I195="GLD1+2+3+5+6",$F195*$P$1/SUM($J$1:$V$1),IF($I195="GLD3+5",$F195*$P$1/SUM($P$1:$S$1),IF($I195="GLD1+2",0,IF($I195="GLD3",$F195,0))))) -> 0 | Q195: =IF(E195="HL",IF($I195="GLD1+2+3+5+6",$F195*$P$1/SUM($J$1:$V$1),IF($I195="GLD3+5",$F195*$P$1/SUM($P$1:$S$1),IF($I195="GLD1+2",0,IF($I195="GLD3",$F195,0)))),0) -> 0 | R195: =IF($I195="GLD1+2+3+5+6",SUM($G195:$H195)*$P$1/SUM($J$1:$V$1),IF($I195="GLD3+5",SUM($G195:$H195)*$P$1/SUM($P$1:$S$1),IF($I195="GLD1+2",0,IF($I195="GLD3",SUM($G195:$H195),0)))) -> 0 | S195: =IF(E195="HL",0,IF($I195="GLD1+2+3+5+6",$F195*$S$1/SUM($J$1:$V$1),IF($I195="GLD3+5",$F195*$S$1/SUM($P$1:$S$1),IF($I195="GLD5",$F195,0)))) -> 0 | T195: =IF(E195="HL",IF($I195="GLD1+2+3+5+6",$F195*$S$1/SUM($J$1:$V$1),IF($I195="GLD3+5",$F195*$S$1/SUM($P$1:$S$1),IF($I195="GLD5",$F195,0))),0) -> 0 | U195: =IF($I195="GLD1+2+3+5+6",SUM($G195:$H195)*$S$1/SUM($J$1:$V$1),IF($I195="GLD3+5",SUM($G195:$H195)*$S$1/SUM($P$1:$S$1),IF($I195="GLD5",SUM($G195:$H195),0))) -> 0 | V195: =IF(E195="HL",0,IF($I195="GLD1+2+3+5+6",$F195*$V$1/SUM($J$1:$V$1),IF($I195="GLD6",$F195,0))) -> 0 | W195: =IF(E195="HL",IF($I195="GLD1+2+3+5+6",$F195*$V$1/SUM($J$1:$V$1),IF($I195="GLD6",$F195,0)),0) -> 0 | X195: =IF($I195="GLD1+2+3+5+6",SUM($G195:$H195)*$V$1/SUM($J$1:$V$1),IF($I195="GLD6",SUM($G195:$H195),0)) -> 0 | Y195: =IF(E195="HL",F195-(K195+N195+Q195+T195+W195),F195-(J195+M195+P195+S195+V195)) -> 0 | Z195: =IF(ABS(SUM(J195:X195)-(F195+G195+H195))>=1,"check","")
A196: =GLD!B215 -> Finishing/Packing | B196: =IF(OR(A196=0,LEFT(A196,2)="Mr",LEFT(A196,2)="Ms",LEFT(A196,3)="Sub",LEFT(A196,5)="Grand",RIGHT(A196,3)="by,"),"",IF(ISERROR(MATCH(A196,'Dept (不許動)'!$S:$S,0)),"NO","")) | C196: =IF(A196=0,"",IF(ISNA(VLOOKUP(A196,'Dept (不許動)'!$S:$V,2,0)),"",VLOOKUP(A196,'Dept (不許動)'!$S:$V,2,0))) -> DL | D196: =IF(A196=0,"",IF(ISNA(VLOOKUP(A196,'Dept (不許動)'!$S:$V,3,0)),"",VLOOKUP(A196,'Dept (不許動)'!$S:$V,3,0))) -> Packing | E196: =IF(A196=0,"",IF(ISNA(VLOOKUP(A196,'Dept (不許動)'!$S:$V,4,0)),"",VLOOKUP(A196,'Dept (不許動)'!$S:$V,4,0))) -> 0 | F196: =GLD!$BC215 -> 159 | G196: =GLD!$AT215 -> 0 | H196: =GLD!$AV215 -> 0 | I196: =IF($D196="Embordiary","GLD6",IF(ISNA(VLOOKUP(A196,'GLD分攤(Chad)'!$B$2:$E$572,3,0)),"",(VLOOKUP(A196,'GLD分攤(Chad)'!$B$9:$E$572,3,0)))) -> GLD1 | J196: =IF(E196="HL",0,IF($I196="GLD1+2+3+5+6",$F196*$J$1/SUM($J$1:$V$1),IF($I196="GLD1+2+3",$F196*$J$1/SUM($J$1:$P$1),IF($I196="GLD1+2",$F196*$J$1/SUM($J$1:$M$1),IF($I196="GLD1",$F196,0))))) -> 159 | K196: =IF(E196="HL",IF($I196="GLD1+2+3+5+6",$F196*$J$1/SUM($J$1:$V$1),IF($I196="GLD1+2+3",$F196*$J$1/SUM($J$1:$P$1),IF($I196="GLD1+2",$F196*$J$1/SUM($J$1:$M$1),IF($I196="GLD1",$F196,0)))),0) -> 0 | L196: =IF($I196="GLD1+2+3+5+6",SUM($G196:$H196)*$J$1/SUM($J$1:$V$1),IF($I196="GLD1+2+3",SUM($G196:$H196)*$J$1/SUM($J$1:$P$1),IF($I196="GLD1+2+3",SUM($G196:$H196)*$J$1/SUM($J$1:$P$1),IF($I196="GLD1+2",SUM($G196:$H196)*$J$1/SUM($J$1:$M$1),IF($I196="GLD1",SUM($G196:$H196),0))))) -> 0 | M196: =IF(E196="HL",0,IF($I196="GLD1+2+3+5+6",$F196*$M$1/SUM($J$1:$V$1),IF($I196="GLD1+2+3",$F196*$M$1/SUM($J$1:$P$1),IF($I196="GLD1+2",$F196*$M$1/SUM($J$1:$M$1),IF($I196="GLD2",$F196,0))))) -> 0 | N196: =IF(E196="HL",IF($I196="GLD1+2+3+5+6",$F196*$M$1/SUM($J$1:$V$1),IF($I196="GLD1+2+3",$F196*$M$1/SUM($J$1:$P$1),IF($I196="GLD1+2",$F196*$M$1/SUM($J$1:$M$1),IF($I196="GLD2",$F196,0)))),0) -> 0 | O196: =IF($I196="GLD1+2+3+5+6",SUM($G196:$H196)*$M$1/SUM($J$1:$V$1),IF($I196="GLD1+2+3",SUM($G196:$H196)*$M$1/SUM($J$1:$P$1),IF($I196="GLD1+2+3",SUM($G196:$H196)*$M$1/SUM($J$1:$P$1),IF($I196="GLD1+2",SUM($G196:$H196)*$M$1/SUM($J$1:$M$1),IF($I196="GLD2",SUM($G196:$H196),0))))) -> 0 | P196: =IF(E196="HL",0,IF($I196="GLD1+2+3+5+6",$F196*$P$1/SUM($J$1:$V$1),IF($I196="GLD3+5",$F196*$P$1/SUM($P$1:$S$1),IF($I196="GLD1+2",0,IF($I196="GLD3",$F196,0))))) -> 0 | Q196: =IF(E196="HL",IF($I196="GLD1+2+3+5+6",$F196*$P$1/SUM($J$1:$V$1),IF($I196="GLD3+5",$F196*$P$1/SUM($P$1:$S$1),IF($I196="GLD1+2",0,IF($I196="GLD3",$F196,0)))),0) -> 0 | R196: =IF($I196="GLD1+2+3+5+6",SUM($G196:$H196)*$P$1/SUM($J$1:$V$1),IF($I196="GLD3+5",SUM($G196:$H196)*$P$1/SUM($P$1:$S$1),IF($I196="GLD1+2",0,IF($I196="GLD3",SUM($G196:$H196),0)))) -> 0 | S196: =IF(E196="HL",0,IF($I196="GLD1+2+3+5+6",$F196*$S$1/SUM($J$1:$V$1),IF($I196="GLD3+5",$F196*$S$1/SUM($P$1:$S$1),IF($I196="GLD5",$F196,0)))) -> 0 | T196: =IF(E196="HL",IF($I196="GLD1+2+3+5+6",$F196*$S$1/SUM($J$1:$V$1),IF($I196="GLD3+5",$F196*$S$1/SUM($P$1:$S$1),IF($I196="GLD5",$F196,0))),0) -> 0 | U196: =IF($I196="GLD1+2+3+5+6",SUM($G196:$H196)*$S$1/SUM($J$1:$V$1),IF($I196="GLD3+5",SUM($G196:$H196)*$S$1/SUM($P$1:$S$1),IF($I196="GLD5",SUM($G196:$H196),0))) -> 0 | V196: =IF(E196="HL",0,IF($I196="GLD1+2+3+5+6",$F196*$V$1/SUM($J$1:$V$1),IF($I196="GLD6",$F196,0))) -> 0 | W196: =IF(E196="HL",IF($I196="GLD1+2+3+5+6",$F196*$V$1/SUM($J$1:$V$1),IF($I196="GLD6",$F196,0)),0) -> 0 | X196: =IF($I196="GLD1+2+3+5+6",SUM($G196:$H196)*$V$1/SUM($J$1:$V$1),IF($I196="GLD6",SUM($G196:$H196),0)) -> 0 | Y196: =IF(E196="HL",F196-(K196+N196+Q196+T196+W196),F196-(J196+M196+P196+S196+V196)) -> 0 | Z196: =IF(ABS(SUM(J196:X196)-(F196+G196+H196))>=1,"check","")
